{
  "type": "FeatureCollection",
  "generator": "overpass-turbo",
  "copyright": "The data included in this document is from www.openstreetmap.org. The data is made available under ODbL.",
  "timestamp": "2026-05-27T15:45:50Z",
  "features": [
    {
      "type": "Feature",
      "properties": {
        "@id": "relation/446440",
        "building": "yes",
        "name": "Karnataka State Lawn Tennis Association",
        "name:kn": "ಕರ್ನಾಟಕ ರಾಜ್ಯ ಟೆನಿಸ್ ಸಂಸ್ಥೆ",
        "sport": "tennis",
        "type": "multipolygon"
      },
      "geometry": {
        "type": "Polygon",
        "coordinates": [
          [
            [
              77.5946168,
              12.9755526
            ],
            [
              77.5944462,
              12.9756344
            ],
            [
              77.5943469,
              12.9756719
            ],
            [
              77.5942404,
              12.9756495
            ],
            [
              77.5941511,
              12.9755709
            ],
            [
              77.594033,
              12.9753772
            ],
            [
              77.5939833,
              12.9752954
            ],
            [
              77.5939897,
              12.9751937
            ],
            [
              77.5941013,
              12.9750296
            ],
            [
              77.5942587,
              12.9749373
            ],
            [
              77.5944923,
              12.9748218
            ],
            [
              77.5946785,
              12.9748252
            ],
            [
              77.5947933,
              12.9748552
            ],
            [
              77.5948653,
              12.9749282
            ],
            [
              77.594969,
              12.9751022
            ],
            [
              77.594944,
              12.9752021
            ],
            [
              77.5949137,
              12.9753205
            ],
            [
              77.5948206,
              12.9754138
            ],
            [
              77.5946168,
              12.9755526
            ]
          ],
          [
            [
              77.5942671,
              12.9754622
            ],
            [
              77.5943046,
              12.9754845
            ],
            [
              77.5943505,
              12.9754928
            ],
            [
              77.594414,
              12.9754728
            ],
            [
              77.5944803,
              12.975444
            ],
            [
              77.5947088,
              12.9753207
            ],
            [
              77.5947896,
              12.9752491
            ],
            [
              77.5948239,
              12.9751832
            ],
            [
              77.5947184,
              12.974998
            ],
            [
              77.5946921,
              12.9749717
            ],
            [
              77.5946522,
              12.9749673
            ],
            [
              77.5945804,
              12.9749812
            ],
            [
              77.5945122,
              12.9750062
            ],
            [
              77.5943287,
              12.9750979
            ],
            [
              77.5941879,
              12.9752023
            ],
            [
              77.5941592,
              12.9752288
            ],
            [
              77.594166,
              12.9752703
            ],
            [
              77.5942671,
              12.9754622
            ]
          ]
        ]
      },
      "id": "relation/446440"
    },
    {
      "type": "Feature",
      "properties": {
        "@id": "relation/447617",
        "building": "stadium",
        "building:levels": "5",
        "type": "multipolygon"
      },
      "geometry": {
        "type": "Polygon",
        "coordinates": [
          [
            [
              77.5988022,
              12.9794275
            ],
            [
              77.5987563,
              12.979454
            ],
            [
              77.5987209,
              12.9794119
            ],
            [
              77.5986891,
              12.9793671
            ],
            [
              77.5986611,
              12.97932
            ],
            [
              77.5986322,
              12.9792594
            ],
            [
              77.5986096,
              12.9791962
            ],
            [
              77.5985935,
              12.9791312
            ],
            [
              77.5985017,
              12.9791431
            ],
            [
              77.5984928,
              12.9790782
            ],
            [
              77.5986239,
              12.9790613
            ],
            [
              77.5986095,
              12.9789988
            ],
            [
              77.5985978,
              12.978896
            ],
            [
              77.5985976,
              12.9787937
            ],
            [
              77.598609,
              12.9786892
            ],
            [
              77.5986312,
              12.9785901
            ],
            [
              77.598662,
              12.9784988
            ],
            [
              77.5987054,
              12.9784045
            ],
            [
              77.5987621,
              12.9783108
            ],
            [
              77.5988258,
              12.9782281
            ],
            [
              77.5988991,
              12.9781519
            ],
            [
              77.5989796,
              12.9780846
            ],
            [
              77.5990656,
              12.978027
            ],
            [
              77.5991539,
              12.9779802
            ],
            [
              77.5992584,
              12.9779385
            ],
            [
              77.5993746,
              12.9779072
            ],
            [
              77.5994898,
              12.9778903
            ],
            [
              77.5996128,
              12.9778871
            ],
            [
              77.5997344,
              12.9778988
            ],
            [
              77.5998553,
              12.9779256
            ],
            [
              77.5999077,
              12.9779439
            ],
            [
              77.5999601,
              12.9778605
            ],
            [
              77.6000767,
              12.9778984
            ],
            [
              77.6002051,
              12.9779552
            ],
            [
              77.6003264,
              12.9780219
            ],
            [
              77.6004118,
              12.9781003
            ],
            [
              77.6004941,
              12.9781927
            ],
            [
              77.600551,
              12.9783145
            ],
            [
              77.6004838,
              12.9783451
            ],
            [
              77.6005506,
              12.9785045
            ],
            [
              77.6005009,
              12.9785155
            ],
            [
              77.6005286,
              12.9786072
            ],
            [
              77.6005511,
              12.9787234
            ],
            [
              77.6005587,
              12.9788316
            ],
            [
              77.6005531,
              12.9789454
            ],
            [
              77.6005351,
              12.9790516
            ],
            [
              77.6005047,
              12.9791558
            ],
            [
              77.6004652,
              12.9792501
            ],
            [
              77.6004144,
              12.9793419
            ],
            [
              77.6003456,
              12.9794377
            ],
            [
              77.6002705,
              12.9795196
            ],
            [
              77.6001934,
              12.9795871
            ],
            [
              77.6000898,
              12.9796582
            ],
            [
              77.5999867,
              12.9797118
            ],
            [
              77.5998841,
              12.979751
            ],
            [
              77.5997762,
              12.979779
            ],
            [
              77.5996467,
              12.9797965
            ],
            [
              77.599536,
              12.979798
            ],
            [
              77.5994427,
              12.9797898
            ],
            [
              77.5993583,
              12.9797747
            ],
            [
              77.5992762,
              12.9797526
            ],
            [
              77.5991801,
              12.9797169
            ],
            [
              77.5990909,
              12.979673
            ],
            [
              77.5990023,
              12.9796173
            ],
            [
              77.5989353,
              12.9795656
            ],
            [
              77.5988674,
              12.9795026
            ],
            [
              77.5988022,
              12.9794275
            ]
          ],
          [
            [
              77.5998965,
              12.9783012
            ],
            [
              77.5997914,
              12.978253
            ],
            [
              77.5996897,
              12.9782258
            ],
            [
              77.5995932,
              12.9782153
            ],
            [
              77.5994862,
              12.9782203
            ],
            [
              77.5993825,
              12.9782421
            ],
            [
              77.5993165,
              12.9782655
            ],
            [
              77.5992045,
              12.9783256
            ],
            [
              77.5991398,
              12.9783752
            ],
            [
              77.5990674,
              12.9784494
            ],
            [
              77.5990117,
              12.9785286
            ],
            [
              77.5989683,
              12.9786167
            ],
            [
              77.5989384,
              12.978715
            ],
            [
              77.5989253,
              12.978817
            ],
            [
              77.5989283,
              12.9789101
            ],
            [
              77.5989493,
              12.9790157
            ],
            [
              77.5989848,
              12.979109
            ],
            [
              77.5990316,
              12.9791906
            ],
            [
              77.5990848,
              12.9792585
            ],
            [
              77.599159,
              12.9793288
            ],
            [
              77.5992426,
              12.9793859
            ],
            [
              77.5993356,
              12.9794299
            ],
            [
              77.5994299,
              12.9794579
            ],
            [
              77.5995273,
              12.9794715
            ],
            [
              77.5996292,
              12.9794703
            ],
            [
              77.5997357,
              12.9794519
            ],
            [
              77.5998241,
              12.9794222
            ],
            [
              77.5999136,
              12.9793765
            ],
            [
              77.5999917,
              12.9793203
            ],
            [
              77.6000611,
              12.9792523
            ],
            [
              77.6001198,
              12.9791737
            ],
            [
              77.600164,
              12.9790904
            ],
            [
              77.600201,
              12.9789774
            ],
            [
              77.600215,
              12.9788723
            ],
            [
              77.6002132,
              12.978789
            ],
            [
              77.6001969,
              12.9786933
            ],
            [
              77.600167,
              12.9786043
            ],
            [
              77.6001079,
              12.9784959
            ],
            [
              77.6000533,
              12.9784268
            ],
            [
              77.5999798,
              12.9783578
            ],
            [
              77.5998965,
              12.9783012
            ]
          ]
        ]
      },
      "id": "relation/447617"
    },
    {
      "type": "Feature",
      "properties": {
        "@id": "relation/4578928",
        "building": "yes",
        "type": "multipolygon"
      },
      "geometry": {
        "type": "Polygon",
        "coordinates": [
          [
            [
              77.6005366,
              12.9741016
            ],
            [
              77.6005478,
              12.9741723
            ],
            [
              77.6006206,
              12.9741614
            ],
            [
              77.600685,
              12.9745686
            ],
            [
              77.6006122,
              12.9745795
            ],
            [
              77.6006226,
              12.974645
            ],
            [
              77.6001658,
              12.9747136
            ],
            [
              77.6000679,
              12.9740944
            ],
            [
              77.6001012,
              12.9740903
            ],
            [
              77.6002195,
              12.9740717
            ],
            [
              77.6002315,
              12.9741474
            ],
            [
              77.6005366,
              12.9741016
            ]
          ],
          [
            [
              77.6002368,
              12.9746022
            ],
            [
              77.6003467,
              12.9745848
            ],
            [
              77.6003335,
              12.9745061
            ],
            [
              77.6002667,
              12.9745167
            ],
            [
              77.6002346,
              12.9743244
            ],
            [
              77.6003013,
              12.9743138
            ],
            [
              77.6002918,
              12.974257
            ],
            [
              77.6001819,
              12.9742744
            ],
            [
              77.6002368,
              12.9746022
            ]
          ]
        ]
      },
      "id": "relation/4578928"
    },
    {
      "type": "Feature",
      "properties": {
        "@id": "relation/4602221",
        "amenity": "bank",
        "atm": "yes",
        "brand": "State Bank of India",
        "brand:wikidata": "Q1340361",
        "brand:wikipedia": "en:State Bank of India",
        "building": "yes",
        "name": "State Bank of India",
        "name:en": "State Bank of India",
        "name:kn": "ಭಾರತೀಯ ಸ್ಟೇಟ್ ಬ್ಯಾಂಕ್",
        "short_name": "SBI",
        "type": "multipolygon"
      },
      "geometry": {
        "type": "Polygon",
        "coordinates": [
          [
            [
              77.6014536,
              12.9725957
            ],
            [
              77.6014366,
              12.9722012
            ],
            [
              77.6019127,
              12.9721817
            ],
            [
              77.6019189,
              12.9723244
            ],
            [
              77.6019334,
              12.9726617
            ],
            [
              77.6015674,
              12.9726767
            ],
            [
              77.6014536,
              12.9725957
            ]
          ],
          [
            [
              77.6015907,
              12.97254
            ],
            [
              77.6017885,
              12.9725318
            ],
            [
              77.6017795,
              12.9723229
            ],
            [
              77.6015815,
              12.972331
            ],
            [
              77.6015907,
              12.97254
            ]
          ]
        ]
      },
      "id": "relation/4602221"
    },
    {
      "type": "Feature",
      "properties": {
        "@id": "relation/4652246",
        "building": "yes",
        "type": "multipolygon"
      },
      "geometry": {
        "type": "Polygon",
        "coordinates": [
          [
            [
              77.60058,
              12.9809102
            ],
            [
              77.600389,
              12.9809714
            ],
            [
              77.6002588,
              12.9805854
            ],
            [
              77.6004498,
              12.9805242
            ],
            [
              77.60058,
              12.9809102
            ]
          ],
          [
            [
              77.6005147,
              12.9808379
            ],
            [
              77.6005012,
              12.9807997
            ],
            [
              77.6004689,
              12.9808105
            ],
            [
              77.6004438,
              12.9807394
            ],
            [
              77.6004801,
              12.9807272
            ],
            [
              77.6004447,
              12.9806269
            ],
            [
              77.600368,
              12.9806526
            ],
            [
              77.6004015,
              12.9807478
            ],
            [
              77.600426,
              12.9808171
            ],
            [
              77.6003974,
              12.9808266
            ],
            [
              77.6004134,
              12.9808718
            ],
            [
              77.6005147,
              12.9808379
            ]
          ]
        ]
      },
      "id": "relation/4652246"
    },
    {
      "type": "Feature",
      "properties": {
        "@id": "way/52032468",
        "building": "museum",
        "building:colour": "red",
        "height": "18"
      },
      "geometry": {
        "type": "Polygon",
        "coordinates": [
          [
            [
              77.5956238,
              12.9746411
            ],
            [
              77.5958461,
              12.9744343
            ],
            [
              77.5958791,
              12.9744684
            ],
            [
              77.5958903,
              12.9744581
            ],
            [
              77.5959044,
              12.9744647
            ],
            [
              77.5959171,
              12.9744745
            ],
            [
              77.5959256,
              12.9744864
            ],
            [
              77.5959304,
              12.9744996
            ],
            [
              77.5959192,
              12.9745099
            ],
            [
              77.5959415,
              12.9745329
            ],
            [
              77.5959335,
              12.9745402
            ],
            [
              77.5960369,
              12.9746472
            ],
            [
              77.5960448,
              12.9746399
            ],
            [
              77.5960683,
              12.9746641
            ],
            [
              77.5960798,
              12.9746535
            ],
            [
              77.5960936,
              12.974659
            ],
            [
              77.5961055,
              12.9746672
            ],
            [
              77.5961126,
              12.9746784
            ],
            [
              77.5961168,
              12.9746918
            ],
            [
              77.5961053,
              12.9747024
            ],
            [
              77.5961377,
              12.974736
            ],
            [
              77.5960445,
              12.9748227
            ],
            [
              77.5960699,
              12.9748487
            ],
            [
              77.5960304,
              12.9748856
            ],
            [
              77.5960049,
              12.9748595
            ],
            [
              77.5959166,
              12.9749417
            ],
            [
              77.5958923,
              12.9749165
            ],
            [
              77.5958843,
              12.9749241
            ],
            [
              77.5958381,
              12.9748763
            ],
            [
              77.5958449,
              12.97487
            ],
            [
              77.5958136,
              12.9748376
            ],
            [
              77.5959048,
              12.9747539
            ],
            [
              77.5958673,
              12.9747151
            ],
            [
              77.5959057,
              12.9746799
            ],
            [
              77.5959432,
              12.9747186
            ],
            [
              77.5960027,
              12.974664
            ],
            [
              77.5959183,
              12.9745768
            ],
            [
              77.595731,
              12.9747487
            ],
            [
              77.5956992,
              12.9747157
            ],
            [
              77.5956898,
              12.9747243
            ],
            [
              77.5956451,
              12.9746781
            ],
            [
              77.5956527,
              12.974671
            ],
            [
              77.5956238,
              12.9746411
            ]
          ]
        ]
      },
      "id": "way/52032468"
    },
    {
      "type": "Feature",
      "properties": {
        "@id": "way/52032474",
        "building": "yes"
      },
      "geometry": {
        "type": "Polygon",
        "coordinates": [
          [
            [
              77.5950627,
              12.9742412
            ],
            [
              77.59519,
              12.9741158
            ],
            [
              77.5952823,
              12.9742048
            ],
            [
              77.5953273,
              12.9741605
            ],
            [
              77.5954033,
              12.9742338
            ],
            [
              77.5953576,
              12.9742787
            ],
            [
              77.5953884,
              12.9743084
            ],
            [
              77.5952617,
              12.9744331
            ],
            [
              77.5950627,
              12.9742412
            ]
          ]
        ]
      },
      "id": "way/52032474"
    },
    {
      "type": "Feature",
      "properties": {
        "@id": "way/52032475",
        "building": "museum",
        "building:colour": "cyan",
        "building:levels": "7",
        "note": "Building facade only shows 5 levels, side shows 7."
      },
      "geometry": {
        "type": "Polygon",
        "coordinates": [
          [
            [
              77.5963217,
              12.9749154
            ],
            [
              77.5964327,
              12.9750284
            ],
            [
              77.5965159,
              12.9751131
            ],
            [
              77.596617,
              12.975216
            ],
            [
              77.5965309,
              12.9752963
            ],
            [
              77.5965107,
              12.9752758
            ],
            [
              77.5964726,
              12.9753113
            ],
            [
              77.5965469,
              12.9753869
            ],
            [
              77.5964021,
              12.975522
            ],
            [
              77.5964058,
              12.9755259
            ],
            [
              77.5963896,
              12.975541
            ],
            [
              77.5964,
              12.9755517
            ],
            [
              77.5963798,
              12.9755705
            ],
            [
              77.5963702,
              12.9755608
            ],
            [
              77.5963424,
              12.9755867
            ],
            [
              77.5959884,
              12.9752263
            ],
            [
              77.5963217,
              12.9749154
            ]
          ]
        ]
      },
      "id": "way/52032475"
    },
    {
      "type": "Feature",
      "properties": {
        "@id": "way/52032483",
        "building": "yes",
        "name": "Sri Jaya Chamarajendra Victory Hall"
      },
      "geometry": {
        "type": "Polygon",
        "coordinates": [
          [
            [
              77.5967404,
              12.9760236
            ],
            [
              77.5968081,
              12.9757439
            ],
            [
              77.5970169,
              12.9757919
            ],
            [
              77.5969487,
              12.9760735
            ],
            [
              77.5968934,
              12.9760607
            ],
            [
              77.5968816,
              12.9761092
            ],
            [
              77.596772,
              12.976084
            ],
            [
              77.5967842,
              12.9760337
            ],
            [
              77.5967404,
              12.9760236
            ]
          ]
        ]
      },
      "id": "way/52032483"
    },
    {
      "type": "Feature",
      "properties": {
        "@id": "way/52058537",
        "addr:housename": "Old Election Commission Office",
        "addr:postcode": "560001",
        "addr:street": "Cubbon Park",
        "alt_name": "Old Election Commission Office",
        "building": "yes",
        "name": "Karnataka State Bar Council",
        "office": "association"
      },
      "geometry": {
        "type": "Polygon",
        "coordinates": [
          [
            [
              77.5952045,
              12.980279
            ],
            [
              77.5953917,
              12.980065
            ],
            [
              77.5955358,
              12.9801839
            ],
            [
              77.5953486,
              12.9803979
            ],
            [
              77.5952045,
              12.980279
            ]
          ]
        ]
      },
      "id": "way/52058537"
    },
    {
      "type": "Feature",
      "properties": {
        "@id": "way/52058540",
        "amenity": "courthouse",
        "building": "yes",
        "building:part": "yes",
        "name": "Old KGID Building",
        "roof:colour": "red",
        "roof:shape": "flat"
      },
      "geometry": {
        "type": "Polygon",
        "coordinates": [
          [
            [
              77.5944561,
              12.9796214
            ],
            [
              77.5946125,
              12.9794424
            ],
            [
              77.5947037,
              12.9795187
            ],
            [
              77.5946057,
              12.9796321
            ],
            [
              77.5947401,
              12.9797445
            ],
            [
              77.5948381,
              12.9796311
            ],
            [
              77.5949469,
              12.9797221
            ],
            [
              77.5948447,
              12.9798351
            ],
            [
              77.5949634,
              12.9799343
            ],
            [
              77.5950652,
              12.9798204
            ],
            [
              77.5951461,
              12.979889
            ],
            [
              77.5949877,
              12.9800663
            ],
            [
              77.5949068,
              12.9799977
            ],
            [
              77.594788,
              12.979899
            ],
            [
              77.5947559,
              12.9799358
            ],
            [
              77.5946538,
              12.9798503
            ],
            [
              77.5946859,
              12.9798136
            ],
            [
              77.5945483,
              12.9796985
            ],
            [
              77.5944561,
              12.9796214
            ]
          ]
        ]
      },
      "id": "way/52058540"
    },
    {
      "type": "Feature",
      "properties": {
        "@id": "way/52058543",
        "alt_name": "India Post",
        "amenity": "post_office",
        "building": "yes",
        "building:architecture": "neoclassicism",
        "building:colour": "#e1ceb6",
        "building:levels": "6",
        "building:part": "yes",
        "height": "30",
        "name": "Bangalore General Post Office",
        "name:kn": "ಅಂಚೆ ಮಹಾಕಾರ್ಯಾಲಯ",
        "operator": "India Post",
        "operator:wikidata": "Q3519720",
        "pin": "560001",
        "ref": "General Post Office",
        "short_name": "GPO"
      },
      "geometry": {
        "type": "Polygon",
        "coordinates": [
          [
            [
              77.5948952,
              12.9812754
            ],
            [
              77.5949744,
              12.9808386
            ],
            [
              77.5949945,
              12.9807279
            ],
            [
              77.595115,
              12.9807489
            ],
            [
              77.5950934,
              12.9808605
            ],
            [
              77.5951722,
              12.9808745
            ],
            [
              77.5951171,
              12.9811384
            ],
            [
              77.5952833,
              12.9812786
            ],
            [
              77.5955385,
              12.9812117
            ],
            [
              77.5955633,
              12.9812857
            ],
            [
              77.5956497,
              12.9812681
            ],
            [
              77.5956713,
              12.9813588
            ],
            [
              77.5955855,
              12.981379
            ],
            [
              77.5951283,
              12.9814864
            ],
            [
              77.5950045,
              12.9813744
            ],
            [
              77.5948952,
              12.9812754
            ]
          ]
        ]
      },
      "id": "way/52058543"
    },
    {
      "type": "Feature",
      "properties": {
        "@id": "way/52059208",
        "building": "yes"
      },
      "geometry": {
        "type": "Polygon",
        "coordinates": [
          [
            [
              77.5983576,
              12.9761638
            ],
            [
              77.5984687,
              12.9762409
            ],
            [
              77.5983414,
              12.9764149
            ],
            [
              77.5982304,
              12.9763377
            ],
            [
              77.5983576,
              12.9761638
            ]
          ]
        ]
      },
      "id": "way/52059208"
    },
    {
      "type": "Feature",
      "properties": {
        "@id": "way/52059210",
        "building": "commercial",
        "name": "Viswesvariya Trade Promotion Center",
        "office": "government"
      },
      "geometry": {
        "type": "Polygon",
        "coordinates": [
          [
            [
              77.5969606,
              12.9753639
            ],
            [
              77.5970537,
              12.9752307
            ],
            [
              77.597185,
              12.9753178
            ],
            [
              77.5971662,
              12.9753447
            ],
            [
              77.5971527,
              12.9753357
            ],
            [
              77.5971374,
              12.9753577
            ],
            [
              77.5971152,
              12.9753429
            ],
            [
              77.5970562,
              12.9754273
            ],
            [
              77.5969606,
              12.9753639
            ]
          ]
        ]
      },
      "id": "way/52059210"
    },
    {
      "type": "Feature",
      "properties": {
        "@id": "way/52059214",
        "building": "aquarium",
        "building:levels": "2"
      },
      "geometry": {
        "type": "Polygon",
        "coordinates": [
          [
            [
              77.5986182,
              12.9766113
            ],
            [
              77.5985366,
              12.9766203
            ],
            [
              77.5984644,
              12.9765701
            ],
            [
              77.5984501,
              12.9764817
            ],
            [
              77.5985057,
              12.9764127
            ],
            [
              77.5985931,
              12.9764046
            ],
            [
              77.5986648,
              12.9764605
            ],
            [
              77.5986708,
              12.9765491
            ],
            [
              77.5986182,
              12.9766113
            ]
          ]
        ]
      },
      "id": "way/52059214"
    },
    {
      "type": "Feature",
      "properties": {
        "@id": "way/52060138",
        "addr:city": "Bangalore",
        "addr:housenumber": "Sundaram Motors",
        "addr:postcode": "560 001",
        "addr:street": "Kasturba Road",
        "brand": "Mercedes-Benz",
        "brand:wikidata": "Q36008",
        "building": "yes",
        "building:levels": "3",
        "name": "Sundaram Motors",
        "name:kn": "ಸುಂದರಂ ಮೋಟಾರ್ಸ್",
        "phone": "09606049529",
        "shop": "car"
      },
      "geometry": {
        "type": "Polygon",
        "coordinates": [
          [
            [
              77.5957952,
              12.9736825
            ],
            [
              77.5960342,
              12.9733904
            ],
            [
              77.5961755,
              12.9735002
            ],
            [
              77.596257,
              12.9734006
            ],
            [
              77.5965424,
              12.9736223
            ],
            [
              77.596468,
              12.9737132
            ],
            [
              77.5965628,
              12.9737869
            ],
            [
              77.5963168,
              12.9740876
            ],
            [
              77.5957952,
              12.9736825
            ]
          ]
        ]
      },
      "id": "way/52060138"
    },
    {
      "type": "Feature",
      "properties": {
        "@id": "way/52060139",
        "building": "commercial",
        "name": "Mohan Mansion"
      },
      "geometry": {
        "type": "Polygon",
        "coordinates": [
          [
            [
              77.5963576,
              12.9742829
            ],
            [
              77.5964415,
              12.9742044
            ],
            [
              77.5966625,
              12.9744289
            ],
            [
              77.5965786,
              12.9745074
            ],
            [
              77.5963576,
              12.9742829
            ]
          ]
        ]
      },
      "id": "way/52060139"
    },
    {
      "type": "Feature",
      "properties": {
        "@id": "way/52060141",
        "addr:city": "Bangalore",
        "addr:housename": "HDFC House",
        "addr:housenumber": "24/3, 51",
        "addr:postcode": "560001",
        "addr:street": "Kasturba Road",
        "amenity": "bank",
        "atm": "yes",
        "branch": "Ltd",
        "brand": "HDFC Bank",
        "brand:wikidata": "Q631047",
        "building": "office",
        "building:levels": "5",
        "building:material": "granite",
        "name": "HDFC Bank",
        "name:kn": "ಎಚ್ ಡಿ ಎಫ್ ಸಿ",
        "short_name": "HDFC",
        "source": "www.hdfcbank.com"
      },
      "geometry": {
        "type": "Polygon",
        "coordinates": [
          [
            [
              77.5953962,
              12.9734774
            ],
            [
              77.5955211,
              12.9732313
            ],
            [
              77.5957284,
              12.9734074
            ],
            [
              77.5954924,
              12.9735597
            ],
            [
              77.5953962,
              12.9734774
            ]
          ]
        ]
      },
      "id": "way/52060141"
    },
    {
      "type": "Feature",
      "properties": {
        "@id": "way/52060142",
        "building": "temple"
      },
      "geometry": {
        "type": "Polygon",
        "coordinates": [
          [
            [
              77.5952384,
              12.9733594
            ],
            [
              77.5951529,
              12.9732673
            ],
            [
              77.5952671,
              12.9731672
            ],
            [
              77.5953526,
              12.9732592
            ],
            [
              77.5952384,
              12.9733594
            ]
          ]
        ]
      },
      "id": "way/52060142"
    },
    {
      "type": "Feature",
      "properties": {
        "@id": "way/52060143",
        "building": "yes",
        "building:levels": "5"
      },
      "geometry": {
        "type": "Polygon",
        "coordinates": [
          [
            [
              77.595534,
              12.973607
            ],
            [
              77.5957428,
              12.9734386
            ],
            [
              77.5958184,
              12.9734948
            ],
            [
              77.5957572,
              12.9735965
            ],
            [
              77.5956708,
              12.9735299
            ],
            [
              77.595588,
              12.9736491
            ],
            [
              77.595534,
              12.973607
            ]
          ]
        ]
      },
      "id": "way/52060143"
    },
    {
      "type": "Feature",
      "properties": {
        "@id": "way/52060144",
        "building": "commercial",
        "building:levels": "18",
        "building:levels:underground": "2"
      },
      "geometry": {
        "type": "Polygon",
        "coordinates": [
          [
            [
              77.596935,
              12.9747289
            ],
            [
              77.5970466,
              12.9745239
            ],
            [
              77.597219,
              12.974613
            ],
            [
              77.5971074,
              12.9748181
            ],
            [
              77.596935,
              12.9747289
            ]
          ]
        ]
      },
      "id": "way/52060144"
    },
    {
      "type": "Feature",
      "properties": {
        "@id": "way/52060147",
        "building": "commercial",
        "building:levels": "5"
      },
      "geometry": {
        "type": "Polygon",
        "coordinates": [
          [
            [
              77.5974999,
              12.9751905
            ],
            [
              77.5976247,
              12.974958
            ],
            [
              77.5977831,
              12.9750387
            ],
            [
              77.5976583,
              12.9752713
            ],
            [
              77.5974999,
              12.9751905
            ]
          ]
        ]
      },
      "id": "way/52060147"
    },
    {
      "type": "Feature",
      "properties": {
        "@id": "way/52060148",
        "building": "commercial",
        "building:levels": "5"
      },
      "geometry": {
        "type": "Polygon",
        "coordinates": [
          [
            [
              77.5983281,
              12.9754233
            ],
            [
              77.5984895,
              12.9755426
            ],
            [
              77.598305,
              12.9757798
            ],
            [
              77.5981436,
              12.9756605
            ],
            [
              77.5983281,
              12.9754233
            ]
          ]
        ]
      },
      "id": "way/52060148"
    },
    {
      "type": "Feature",
      "properties": {
        "@id": "way/52063151",
        "building": "yes",
        "building:levels": "7",
        "name": "Telephone House"
      },
      "geometry": {
        "type": "Polygon",
        "coordinates": [
          [
            [
              77.5960544,
              12.9808322
            ],
            [
              77.5959906,
              12.9806455
            ],
            [
              77.5966971,
              12.9804088
            ],
            [
              77.5967609,
              12.9805954
            ],
            [
              77.5960544,
              12.9808322
            ]
          ]
        ]
      },
      "id": "way/52063151"
    },
    {
      "type": "Feature",
      "properties": {
        "@id": "way/52063152",
        "building": "yes",
        "building:levels": "2",
        "name": "BSNL, PGM Office,BGTD"
      },
      "geometry": {
        "type": "Polygon",
        "coordinates": [
          [
            [
              77.5962447,
              12.9808794
            ],
            [
              77.5965821,
              12.9807796
            ],
            [
              77.5966125,
              12.9808649
            ],
            [
              77.5966429,
              12.9809564
            ],
            [
              77.5963118,
              12.9810532
            ],
            [
              77.5962447,
              12.9808794
            ]
          ]
        ]
      },
      "id": "way/52063152"
    },
    {
      "type": "Feature",
      "properties": {
        "@id": "way/52063156",
        "building": "yes"
      },
      "geometry": {
        "type": "Polygon",
        "coordinates": [
          [
            [
              77.5950219,
              12.9803331
            ],
            [
              77.5951116,
              12.9804098
            ],
            [
              77.5949993,
              12.9805345
            ],
            [
              77.5949096,
              12.9804578
            ],
            [
              77.5950219,
              12.9803331
            ]
          ]
        ]
      },
      "id": "way/52063156"
    },
    {
      "type": "Feature",
      "properties": {
        "@id": "way/107240643",
        "air_conditioning": "yes",
        "building": "hotel",
        "building:colour": "#ceb78b",
        "building:levels": "19",
        "building:part": "yes",
        "height": "50"
      },
      "geometry": {
        "type": "Polygon",
        "coordinates": [
          [
            [
              77.594955,
              12.9719219
            ],
            [
              77.5949764,
              12.9720349
            ],
            [
              77.5951996,
              12.9719947
            ],
            [
              77.5952382,
              12.972198
            ],
            [
              77.5953002,
              12.9721868
            ],
            [
              77.5953737,
              12.9725736
            ],
            [
              77.5953231,
              12.9726452
            ],
            [
              77.595146,
              12.9726772
            ],
            [
              77.5951482,
              12.9726921
            ],
            [
              77.5951128,
              12.9727191
            ],
            [
              77.5950944,
              12.9727217
            ],
            [
              77.5949536,
              12.9728302
            ],
            [
              77.5949396,
              12.9728366
            ],
            [
              77.5949241,
              12.9728367
            ],
            [
              77.5949111,
              12.9728311
            ],
            [
              77.5949013,
              12.972821
            ],
            [
              77.5948849,
              12.9727981
            ],
            [
              77.5948732,
              12.9727727
            ],
            [
              77.5948673,
              12.9727501
            ],
            [
              77.5948651,
              12.9727269
            ],
            [
              77.594864,
              12.9727004
            ],
            [
              77.5948706,
              12.9726746
            ],
            [
              77.5948812,
              12.9726558
            ],
            [
              77.5948736,
              12.9726217
            ],
            [
              77.5948605,
              12.9726245
            ],
            [
              77.594833,
              12.9725013
            ],
            [
              77.594844,
              12.9724992
            ],
            [
              77.5948197,
              12.9723803
            ],
            [
              77.5948332,
              12.9723777
            ],
            [
              77.5948047,
              12.9722376
            ],
            [
              77.5948155,
              12.9722355
            ],
            [
              77.5947672,
              12.971999
            ],
            [
              77.594955,
              12.9719219
            ]
          ]
        ]
      },
      "id": "way/107240643"
    },
    {
      "type": "Feature",
      "properties": {
        "@id": "way/157571627",
        "addr:city": "Bengaluru",
        "addr:postcode": "560001",
        "addr:street": "Union St, Shivaji Nagar",
        "building": "commercial",
        "building:levels": "3",
        "name": "Adventz Center"
      },
      "geometry": {
        "type": "Polygon",
        "coordinates": [
          [
            [
              77.6009769,
              12.9809662
            ],
            [
              77.6007909,
              12.9804008
            ],
            [
              77.6009128,
              12.9803627
            ],
            [
              77.6010988,
              12.9809281
            ],
            [
              77.6009769,
              12.9809662
            ]
          ]
        ]
      },
      "id": "way/157571627"
    },
    {
      "type": "Feature",
      "properties": {
        "@id": "way/167542039",
        "building": "office"
      },
      "geometry": {
        "type": "Polygon",
        "coordinates": [
          [
            [
              77.6026098,
              12.9735639
            ],
            [
              77.6026341,
              12.9734288
            ],
            [
              77.6030467,
              12.9734991
            ],
            [
              77.6030225,
              12.9736342
            ],
            [
              77.6026098,
              12.9735639
            ]
          ]
        ]
      },
      "id": "way/167542039"
    },
    {
      "type": "Feature",
      "properties": {
        "@id": "way/182486682",
        "addr:housename": "LIC Oriental Building",
        "addr:street": "M G Road",
        "alt_name": "Oriental Building",
        "building": "office",
        "building:levels": "3",
        "building:material": "stone",
        "heritage": "2",
        "heritage:operator": "nmma",
        "heritage:website": "https://nmma.nic.in/nmma/exploreBuiltState.do?state=29",
        "name": "LIC Oriental Building",
        "note": "On Anil Kumble Circle",
        "ref:nmma": "KR20010713",
        "roof:shape": "hipped"
      },
      "geometry": {
        "type": "Polygon",
        "coordinates": [
          [
            [
              77.6019308,
              12.9764139
            ],
            [
              77.6018811,
              12.9763802
            ],
            [
              77.601859,
              12.9762888
            ],
            [
              77.6018697,
              12.9762858
            ],
            [
              77.6018089,
              12.9760467
            ],
            [
              77.601801,
              12.9760493
            ],
            [
              77.6017761,
              12.9759632
            ],
            [
              77.6018856,
              12.9759341
            ],
            [
              77.6020016,
              12.9763972
            ],
            [
              77.6019308,
              12.9764139
            ]
          ]
        ]
      },
      "id": "way/182486682"
    },
    {
      "type": "Feature",
      "properties": {
        "@id": "way/185964974",
        "building": "commercial",
        "building:levels": "4"
      },
      "geometry": {
        "type": "Polygon",
        "coordinates": [
          [
            [
              77.602544,
              12.9737929
            ],
            [
              77.6025691,
              12.9736402
            ],
            [
              77.6030277,
              12.9737118
            ],
            [
              77.6030026,
              12.9738643
            ],
            [
              77.602544,
              12.9737929
            ]
          ]
        ]
      },
      "id": "way/185964974"
    },
    {
      "type": "Feature",
      "properties": {
        "@id": "way/185964976",
        "building": "commercial",
        "building:levels": "6"
      },
      "geometry": {
        "type": "Polygon",
        "coordinates": [
          [
            [
              77.6030219,
              12.9746503
            ],
            [
              77.6030307,
              12.9744606
            ],
            [
              77.6032799,
              12.9744717
            ],
            [
              77.603271,
              12.9746614
            ],
            [
              77.6030219,
              12.9746503
            ]
          ]
        ]
      },
      "id": "way/185964976"
    },
    {
      "type": "Feature",
      "properties": {
        "@id": "way/208693357",
        "building": "yes"
      },
      "geometry": {
        "type": "Polygon",
        "coordinates": [
          [
            [
              77.6011901,
              12.9769633
            ],
            [
              77.6011909,
              12.9769794
            ],
            [
              77.6015221,
              12.9769649
            ],
            [
              77.6015273,
              12.9770773
            ],
            [
              77.6011228,
              12.977095
            ],
            [
              77.6011245,
              12.9771319
            ],
            [
              77.6010168,
              12.9771366
            ],
            [
              77.6010153,
              12.9771039
            ],
            [
              77.6006486,
              12.9771199
            ],
            [
              77.6006439,
              12.977018
            ],
            [
              77.6010106,
              12.977002
            ],
            [
              77.6010092,
              12.9769712
            ],
            [
              77.6011901,
              12.9769633
            ]
          ]
        ]
      },
      "id": "way/208693357"
    },
    {
      "type": "Feature",
      "properties": {
        "@id": "way/208745480",
        "addr:housenumber": "1",
        "addr:street": "Mahatma Gandhi Road",
        "building": "cathedral",
        "building:architecture": "baroque",
        "building:material": "brick",
        "start_date": "1808"
      },
      "geometry": {
        "type": "Polygon",
        "coordinates": [
          [
            [
              77.6005116,
              12.9760963
            ],
            [
              77.6005138,
              12.9761249
            ],
            [
              77.6004305,
              12.9761309
            ],
            [
              77.6004283,
              12.9761023
            ],
            [
              77.6002029,
              12.9761185
            ],
            [
              77.6002024,
              12.976112
            ],
            [
              77.600189,
              12.976113
            ],
            [
              77.6001715,
              12.9761143
            ],
            [
              77.60017,
              12.9760949
            ],
            [
              77.6001184,
              12.9760984
            ],
            [
              77.6001121,
              12.9760119
            ],
            [
              77.6001634,
              12.9760084
            ],
            [
              77.6001615,
              12.9759822
            ],
            [
              77.6001777,
              12.975981
            ],
            [
              77.6001931,
              12.9759799
            ],
            [
              77.6001926,
              12.9759732
            ],
            [
              77.6004174,
              12.975957
            ],
            [
              77.6004149,
              12.9759239
            ],
            [
              77.6004986,
              12.9759179
            ],
            [
              77.6005011,
              12.975951
            ],
            [
              77.6005351,
              12.9759485
            ],
            [
              77.6005377,
              12.9759821
            ],
            [
              77.6005685,
              12.97598
            ],
            [
              77.6005796,
              12.9759854
            ],
            [
              77.6005881,
              12.9759909
            ],
            [
              77.6005935,
              12.975997
            ],
            [
              77.600597,
              12.9760031
            ],
            [
              77.6006005,
              12.9760166
            ],
            [
              77.6005993,
              12.9760297
            ],
            [
              77.6005938,
              12.9760409
            ],
            [
              77.6005834,
              12.9760508
            ],
            [
              77.600574,
              12.9760556
            ],
            [
              77.6005434,
              12.9760577
            ],
            [
              77.6005461,
              12.9760938
            ],
            [
              77.6005116,
              12.9760963
            ]
          ]
        ]
      },
      "id": "way/208745480"
    },
    {
      "type": "Feature",
      "properties": {
        "@id": "way/286438277",
        "alt_name": "BRV Theatre",
        "building": "yes",
        "building:material": "stone",
        "full_name": "Bangalore Rifle Volunteers",
        "heritage": "2",
        "heritage:operator": "nmma",
        "heritage:website": "https://nmma.nic.in/nmma/exploreBuiltState.do?state=29",
        "old_name": "BRV Talkies",
        "ref:nmma": "KR20010695",
        "short_name": "BRV"
      },
      "geometry": {
        "type": "Polygon",
        "coordinates": [
          [
            [
              77.6020741,
              12.9796498
            ],
            [
              77.6020626,
              12.9796536
            ],
            [
              77.6020802,
              12.9797043
            ],
            [
              77.6019769,
              12.9797383
            ],
            [
              77.6019217,
              12.9795788
            ],
            [
              77.6024045,
              12.9794203
            ],
            [
              77.6024596,
              12.9795797
            ],
            [
              77.6024047,
              12.9795977
            ],
            [
              77.602387,
              12.9795466
            ],
            [
              77.6023737,
              12.979551
            ],
            [
              77.6024358,
              12.9797307
            ],
            [
              77.6021361,
              12.9798291
            ],
            [
              77.6020741,
              12.9796498
            ]
          ]
        ]
      },
      "id": "way/286438277"
    },
    {
      "type": "Feature",
      "properties": {
        "@id": "way/286438279",
        "building": "commercial"
      },
      "geometry": {
        "type": "Polygon",
        "coordinates": [
          [
            [
              77.6033282,
              12.979984
            ],
            [
              77.6031908,
              12.9795777
            ],
            [
              77.6034769,
              12.9794858
            ],
            [
              77.6036144,
              12.9798921
            ],
            [
              77.6033282,
              12.979984
            ]
          ]
        ]
      },
      "id": "way/286438279"
    },
    {
      "type": "Feature",
      "properties": {
        "@id": "way/287428585",
        "building": "yes"
      },
      "geometry": {
        "type": "Polygon",
        "coordinates": [
          [
            [
              77.6032226,
              12.9748995
            ],
            [
              77.603216,
              12.974773
            ],
            [
              77.6033547,
              12.9747662
            ],
            [
              77.6033612,
              12.9748927
            ],
            [
              77.6032226,
              12.9748995
            ]
          ]
        ]
      },
      "id": "way/287428585"
    },
    {
      "type": "Feature",
      "properties": {
        "@id": "way/319365068",
        "addr:city": "Bengaluru",
        "addr:housenumber": "86",
        "addr:postcode": "560001",
        "addr:street": "MG Road",
        "addr:suburb": "Shanthala Nagar",
        "building": "commercial",
        "building:levels": "5",
        "building:material": "bricks",
        "name": "Spencer Building"
      },
      "geometry": {
        "type": "Polygon",
        "coordinates": [
          [
            [
              77.6047894,
              12.9755967
            ],
            [
              77.604522,
              12.9756638
            ],
            [
              77.6044577,
              12.9754205
            ],
            [
              77.6043114,
              12.9754572
            ],
            [
              77.6042616,
              12.9752686
            ],
            [
              77.6043976,
              12.9752345
            ],
            [
              77.6044178,
              12.9753107
            ],
            [
              77.6045429,
              12.9752794
            ],
            [
              77.6045215,
              12.9751986
            ],
            [
              77.6046741,
              12.9751604
            ],
            [
              77.6047894,
              12.9755967
            ]
          ]
        ]
      },
      "id": "way/319365068"
    },
    {
      "type": "Feature",
      "properties": {
        "@id": "way/319452867",
        "building": "apartments",
        "building:levels": "4"
      },
      "geometry": {
        "type": "Polygon",
        "coordinates": [
          [
            [
              77.6037865,
              12.9737485
            ],
            [
              77.6038033,
              12.9735523
            ],
            [
              77.6036679,
              12.9735413
            ],
            [
              77.6036824,
              12.9733717
            ],
            [
              77.6038227,
              12.9733831
            ],
            [
              77.6038407,
              12.973173
            ],
            [
              77.6040999,
              12.9731941
            ],
            [
              77.6040506,
              12.9737699
            ],
            [
              77.6037865,
              12.9737485
            ]
          ]
        ]
      },
      "id": "way/319452867"
    },
    {
      "type": "Feature",
      "properties": {
        "@id": "way/320711085",
        "addr:city": "Bengaluru",
        "addr:housenumber": "49",
        "addr:postcode": "560001",
        "addr:street": "Church Street",
        "addr:suburb": "Shanthala Nagar",
        "building": "office",
        "name": "Parisara Bhavan",
        "name:kn": "ಪರಿಸರ ಭವನ"
      },
      "geometry": {
        "type": "Polygon",
        "coordinates": [
          [
            [
              77.6039005,
              12.9757333
            ],
            [
              77.6036581,
              12.9758013
            ],
            [
              77.6036574,
              12.9757931
            ],
            [
              77.603492,
              12.9758385
            ],
            [
              77.6034254,
              12.9756269
            ],
            [
              77.6034547,
              12.975618
            ],
            [
              77.6034308,
              12.9755453
            ],
            [
              77.6035895,
              12.9755023
            ],
            [
              77.6036122,
              12.9755769
            ],
            [
              77.6036339,
              12.9755699
            ],
            [
              77.6036463,
              12.9756095
            ],
            [
              77.6038455,
              12.975551
            ],
            [
              77.6039005,
              12.9757333
            ]
          ]
        ]
      },
      "id": "way/320711085"
    },
    {
      "type": "Feature",
      "properties": {
        "@id": "way/320711088",
        "addr:housenumber": "89",
        "addr:street": "Mahatma Gandhi Road",
        "alt_name": "K Center",
        "building": "commercial",
        "building:levels": "3",
        "name": "Kannan Building",
        "name:kn": "ಕಣ್ಣನ್ ಕಟ್ಟಡ",
        "start_date": "1910"
      },
      "geometry": {
        "type": "Polygon",
        "coordinates": [
          [
            [
              77.6034825,
              12.9759209
            ],
            [
              77.6039133,
              12.9758279
            ],
            [
              77.6039393,
              12.975942
            ],
            [
              77.6035208,
              12.9760323
            ],
            [
              77.6035038,
              12.9759576
            ],
            [
              77.6034914,
              12.9759603
            ],
            [
              77.6034825,
              12.9759209
            ]
          ]
        ]
      },
      "id": "way/320711088"
    },
    {
      "type": "Feature",
      "properties": {
        "@id": "way/320711090",
        "addr:city": "Bengaluru",
        "addr:housenumber": "48",
        "addr:postcode": "560001",
        "addr:street": "Church Street",
        "addr:suburb": "Shanthala Nagar",
        "building": "commercial",
        "building:levels": "8",
        "name": "Triumph Towers"
      },
      "geometry": {
        "type": "Polygon",
        "coordinates": [
          [
            [
              77.603054,
              12.9758892
            ],
            [
              77.6030191,
              12.9756927
            ],
            [
              77.6030827,
              12.9756804
            ],
            [
              77.6031423,
              12.9756547
            ],
            [
              77.6031137,
              12.975538
            ],
            [
              77.603324,
              12.9754828
            ],
            [
              77.6033836,
              12.9758194
            ],
            [
              77.603054,
              12.9758892
            ]
          ]
        ]
      },
      "id": "way/320711090"
    },
    {
      "type": "Feature",
      "properties": {
        "@id": "way/323814303",
        "addr:city": "Bengaluru",
        "addr:housenumber": "44",
        "addr:postcode": "560001",
        "addr:street": "Church Street",
        "addr:suburb": "Shanthala Nagar",
        "building": "commercial",
        "building:levels": "4",
        "name": "Ace Court"
      },
      "geometry": {
        "type": "Polygon",
        "coordinates": [
          [
            [
              77.602277,
              12.9757301
            ],
            [
              77.6022932,
              12.9757267
            ],
            [
              77.6023082,
              12.9757835
            ],
            [
              77.602308,
              12.9758455
            ],
            [
              77.6022948,
              12.9758482
            ],
            [
              77.6022867,
              12.9758219
            ],
            [
              77.6022358,
              12.9758341
            ],
            [
              77.6022134,
              12.9757454
            ],
            [
              77.602277,
              12.9757301
            ]
          ]
        ]
      },
      "id": "way/323814303"
    },
    {
      "type": "Feature",
      "properties": {
        "@id": "way/323814305",
        "building": "commercial",
        "building:levels": "3"
      },
      "geometry": {
        "type": "Polygon",
        "coordinates": [
          [
            [
              77.6021202,
              12.9757545
            ],
            [
              77.6022063,
              12.9757321
            ],
            [
              77.6022342,
              12.9758441
            ],
            [
              77.60215,
              12.9758653
            ],
            [
              77.6021202,
              12.9757545
            ]
          ]
        ]
      },
      "id": "way/323814305"
    },
    {
      "type": "Feature",
      "properties": {
        "@id": "way/323814306",
        "addr:city": "Bengaluru",
        "addr:housenumber": "50",
        "addr:postcode": "560001",
        "addr:street": "Church Street",
        "addr:suburb": "Shanthala Nagar",
        "building": "commercial",
        "building:levels": "5",
        "name": "CS Mansion"
      },
      "geometry": {
        "type": "Polygon",
        "coordinates": [
          [
            [
              77.6037594,
              12.9755119
            ],
            [
              77.6036611,
              12.9755345
            ],
            [
              77.6036257,
              12.9753887
            ],
            [
              77.603724,
              12.9753661
            ],
            [
              77.6037594,
              12.9755119
            ]
          ]
        ]
      },
      "id": "way/323814306"
    },
    {
      "type": "Feature",
      "properties": {
        "@id": "way/323814307",
        "addr:city": "Bengaluru",
        "addr:housenumber": "46/3",
        "addr:postcode": "560001",
        "addr:street": "Church Street",
        "addr:suburb": "Shanthala Nagar",
        "building": "commercial",
        "building:levels": "5",
        "name": "Kalpak Arcade"
      },
      "geometry": {
        "type": "Polygon",
        "coordinates": [
          [
            [
              77.6029531,
              12.9755793
            ],
            [
              77.602981,
              12.9757409
            ],
            [
              77.6029237,
              12.9757503
            ],
            [
              77.6029204,
              12.9757312
            ],
            [
              77.6029029,
              12.9757341
            ],
            [
              77.6029049,
              12.9757462
            ],
            [
              77.6028628,
              12.9757531
            ],
            [
              77.6028608,
              12.9757417
            ],
            [
              77.6028419,
              12.9757448
            ],
            [
              77.6028326,
              12.9756905
            ],
            [
              77.6028461,
              12.9756882
            ],
            [
              77.6028436,
              12.9756739
            ],
            [
              77.6028301,
              12.9756762
            ],
            [
              77.6028172,
              12.9756016
            ],
            [
              77.6029531,
              12.9755793
            ]
          ]
        ]
      },
      "id": "way/323814307"
    },
    {
      "type": "Feature",
      "properties": {
        "@id": "way/323814308",
        "addr:city": "Bengaluru",
        "addr:housenumber": "42",
        "addr:postcode": "560001",
        "addr:street": "St. Mark's Road",
        "addr:suburb": "Shanthala Nagar",
        "building": "commercial",
        "building:levels": "4",
        "name": "Sama Towers"
      },
      "geometry": {
        "type": "Polygon",
        "coordinates": [
          [
            [
              77.6020275,
              12.9758967
            ],
            [
              77.6019525,
              12.9759159
            ],
            [
              77.6019226,
              12.9758051
            ],
            [
              77.6019977,
              12.9757859
            ],
            [
              77.6020275,
              12.9758967
            ]
          ]
        ]
      },
      "id": "way/323814308"
    },
    {
      "type": "Feature",
      "properties": {
        "@id": "way/323814313",
        "addr:city": "Bengaluru",
        "addr:housenumber": "46",
        "addr:postcode": "560001",
        "addr:street": "Church Street",
        "addr:suburb": "Shanthala Nagar",
        "building": "commercial",
        "building:levels": "4"
      },
      "geometry": {
        "type": "Polygon",
        "coordinates": [
          [
            [
              77.6023478,
              12.9757386
            ],
            [
              77.602348,
              12.9756991
            ],
            [
              77.6024286,
              12.9756994
            ],
            [
              77.6024284,
              12.9757389
            ],
            [
              77.6023478,
              12.9757386
            ]
          ]
        ]
      },
      "id": "way/323814313"
    },
    {
      "type": "Feature",
      "properties": {
        "@id": "way/323814315",
        "addr:city": "Bengaluru",
        "addr:housenumber": "50/1",
        "addr:postcode": "560001",
        "addr:street": "Church Street",
        "addr:suburb": "Shanthala Nagar",
        "building": "commercial",
        "building:levels": "5"
      },
      "geometry": {
        "type": "Polygon",
        "coordinates": [
          [
            [
              77.6037774,
              12.9755016
            ],
            [
              77.6037431,
              12.9753607
            ],
            [
              77.6038612,
              12.9753334
            ],
            [
              77.6038954,
              12.9754744
            ],
            [
              77.6037774,
              12.9755016
            ]
          ]
        ]
      },
      "id": "way/323814315"
    },
    {
      "type": "Feature",
      "properties": {
        "@id": "way/323961206",
        "building": "train_station",
        "layer": "-1",
        "lit": "yes",
        "location": "underground",
        "operator": "BMRCL"
      },
      "geometry": {
        "type": "Polygon",
        "coordinates": [
          [
            [
              77.5963305,
              12.9814009
            ],
            [
              77.5963211,
              12.9813746
            ],
            [
              77.596263,
              12.9812115
            ],
            [
              77.5963444,
              12.981184
            ],
            [
              77.59631,
              12.9810875
            ],
            [
              77.5967572,
              12.9809361
            ],
            [
              77.5967733,
              12.9809813
            ],
            [
              77.5967916,
              12.9810327
            ],
            [
              77.5976379,
              12.9807462
            ],
            [
              77.5978209,
              12.9804125
            ],
            [
              77.5978731,
              12.9804291
            ],
            [
              77.5979188,
              12.9804478
            ],
            [
              77.5978973,
              12.9805132
            ],
            [
              77.5979373,
              12.9806427
            ],
            [
              77.5983304,
              12.9805119
            ],
            [
              77.5983673,
              12.9806155
            ],
            [
              77.5983979,
              12.9807012
            ],
            [
              77.5973114,
              12.9810689
            ],
            [
              77.5963305,
              12.9814009
            ]
          ]
        ]
      },
      "id": "way/323961206"
    },
    {
      "type": "Feature",
      "properties": {
        "@id": "way/323961208",
        "building": "yes"
      },
      "geometry": {
        "type": "Polygon",
        "coordinates": [
          [
            [
              77.5953148,
              12.980511
            ],
            [
              77.5954144,
              12.980384
            ],
            [
              77.5954503,
              12.9804108
            ],
            [
              77.5954681,
              12.9804239
            ],
            [
              77.5953699,
              12.9805493
            ],
            [
              77.5953088,
              12.9806273
            ],
            [
              77.5952933,
              12.980647
            ],
            [
              77.5953131,
              12.9806618
            ],
            [
              77.5953283,
              12.9806424
            ],
            [
              77.5953464,
              12.9806192
            ],
            [
              77.5954535,
              12.9804826
            ],
            [
              77.5955211,
              12.9805328
            ],
            [
              77.5956225,
              12.9806083
            ],
            [
              77.5955147,
              12.9807459
            ],
            [
              77.5954463,
              12.9808332
            ],
            [
              77.5952575,
              12.9806928
            ],
            [
              77.5950432,
              12.9805334
            ],
            [
              77.5951542,
              12.9803916
            ],
            [
              77.5953148,
              12.980511
            ]
          ]
        ]
      },
      "id": "way/323961208"
    },
    {
      "type": "Feature",
      "properties": {
        "@id": "way/323961209",
        "building": "yes"
      },
      "geometry": {
        "type": "Polygon",
        "coordinates": [
          [
            [
              77.596119,
              12.9809157
            ],
            [
              77.5962765,
              12.9810645
            ],
            [
              77.5960972,
              12.9812446
            ],
            [
              77.5959398,
              12.9810957
            ],
            [
              77.596119,
              12.9809157
            ]
          ]
        ]
      },
      "id": "way/323961209"
    },
    {
      "type": "Feature",
      "properties": {
        "@id": "way/323961210",
        "building": "yes"
      },
      "geometry": {
        "type": "Polygon",
        "coordinates": [
          [
            [
              77.5956702,
              12.9807862
            ],
            [
              77.5958525,
              12.9807371
            ],
            [
              77.5958829,
              12.9808442
            ],
            [
              77.5957006,
              12.9808933
            ],
            [
              77.5956702,
              12.9807862
            ]
          ]
        ]
      },
      "id": "way/323961210"
    },
    {
      "type": "Feature",
      "properties": {
        "@id": "way/325773306",
        "building": "hotel"
      },
      "geometry": {
        "type": "Polygon",
        "coordinates": [
          [
            [
              77.5993314,
              12.9754309
            ],
            [
              77.5992803,
              12.9755299
            ],
            [
              77.5993051,
              12.9756318
            ],
            [
              77.5994907,
              12.9757227
            ],
            [
              77.5993826,
              12.9759323
            ],
            [
              77.5989695,
              12.9757299
            ],
            [
              77.5991656,
              12.9753497
            ],
            [
              77.5993314,
              12.9754309
            ]
          ]
        ]
      },
      "id": "way/325773306"
    },
    {
      "type": "Feature",
      "properties": {
        "@id": "way/325773310",
        "building": "commercial"
      },
      "geometry": {
        "type": "Polygon",
        "coordinates": [
          [
            [
              77.5994466,
              12.9755904
            ],
            [
              77.5995364,
              12.9754241
            ],
            [
              77.5995896,
              12.9753956
            ],
            [
              77.5997159,
              12.9753527
            ],
            [
              77.5997403,
              12.9754625
            ],
            [
              77.5996242,
              12.9756697
            ],
            [
              77.5994466,
              12.9755904
            ]
          ]
        ]
      },
      "id": "way/325773310"
    },
    {
      "type": "Feature",
      "properties": {
        "@id": "way/325773311",
        "addr:housenumber": "40/2",
        "building": "commercial",
        "building:levels": "5"
      },
      "geometry": {
        "type": "Polygon",
        "coordinates": [
          [
            [
              77.5996091,
              12.974846
            ],
            [
              77.5993306,
              12.9749271
            ],
            [
              77.5992503,
              12.9746655
            ],
            [
              77.5995288,
              12.9745843
            ],
            [
              77.5996091,
              12.974846
            ]
          ]
        ]
      },
      "id": "way/325773311"
    },
    {
      "type": "Feature",
      "properties": {
        "@id": "way/325773313",
        "building": "commercial",
        "building:levels": "6",
        "name": "Chandrakiran"
      },
      "geometry": {
        "type": "Polygon",
        "coordinates": [
          [
            [
              77.5988088,
              12.9761725
            ],
            [
              77.5986092,
              12.9760309
            ],
            [
              77.5988233,
              12.9757444
            ],
            [
              77.5990229,
              12.9758861
            ],
            [
              77.5988088,
              12.9761725
            ]
          ]
        ]
      },
      "id": "way/325773313"
    },
    {
      "type": "Feature",
      "properties": {
        "@id": "way/325773315",
        "building": "roof",
        "layer": "1"
      },
      "geometry": {
        "type": "Polygon",
        "coordinates": [
          [
            [
              77.5986051,
              12.9760184
            ],
            [
              77.5984734,
              12.9759204
            ],
            [
              77.5986488,
              12.9756963
            ],
            [
              77.5987806,
              12.9757943
            ],
            [
              77.5986051,
              12.9760184
            ]
          ]
        ]
      },
      "id": "way/325773315"
    },
    {
      "type": "Feature",
      "properties": {
        "@id": "way/325773316",
        "addr:housenumber": "40/4",
        "addr:postcode": "560001",
        "addr:street": "Lavelle Road",
        "building": "commercial",
        "building:levels": "5"
      },
      "geometry": {
        "type": "Polygon",
        "coordinates": [
          [
            [
              77.5993551,
              12.9754023
            ],
            [
              77.5992958,
              12.9752343
            ],
            [
              77.5996303,
              12.9751222
            ],
            [
              77.5996896,
              12.9752902
            ],
            [
              77.5993551,
              12.9754023
            ]
          ]
        ]
      },
      "id": "way/325773316"
    },
    {
      "type": "Feature",
      "properties": {
        "@id": "way/325773318",
        "building": "commercial",
        "building:levels": "7",
        "name": "Mitra Towers"
      },
      "geometry": {
        "type": "Polygon",
        "coordinates": [
          [
            [
              77.5989589,
              12.9762674
            ],
            [
              77.5988527,
              12.9761913
            ],
            [
              77.5990507,
              12.975929
            ],
            [
              77.5991569,
              12.9760051
            ],
            [
              77.5989589,
              12.9762674
            ]
          ]
        ]
      },
      "id": "way/325773318"
    },
    {
      "type": "Feature",
      "properties": {
        "@id": "way/325773319",
        "building": "commercial",
        "building:levels": "8",
        "name": "Umiya Landmark"
      },
      "geometry": {
        "type": "Polygon",
        "coordinates": [
          [
            [
              77.5991875,
              12.9761158
            ],
            [
              77.5992045,
              12.9760897
            ],
            [
              77.5991823,
              12.976076
            ],
            [
              77.5992316,
              12.9760001
            ],
            [
              77.5991204,
              12.9759314
            ],
            [
              77.5991681,
              12.9758579
            ],
            [
              77.5994795,
              12.9760501
            ],
            [
              77.5993654,
              12.9762256
            ],
            [
              77.5991875,
              12.9761158
            ]
          ]
        ]
      },
      "id": "way/325773319"
    },
    {
      "type": "Feature",
      "properties": {
        "@id": "way/325773321",
        "addr:housenumber": "41",
        "building": "commercial",
        "building:levels": "7",
        "name": "Cristu Complex"
      },
      "geometry": {
        "type": "Polygon",
        "coordinates": [
          [
            [
              77.5994878,
              12.9751216
            ],
            [
              77.5994313,
              12.9749647
            ],
            [
              77.5996254,
              12.9748983
            ],
            [
              77.599682,
              12.9750552
            ],
            [
              77.5994878,
              12.9751216
            ]
          ]
        ]
      },
      "id": "way/325773321"
    },
    {
      "type": "Feature",
      "properties": {
        "@id": "way/325781807",
        "building": "commercial",
        "building:levels": "4"
      },
      "geometry": {
        "type": "Polygon",
        "coordinates": [
          [
            [
              77.603043,
              12.9752205
            ],
            [
              77.6029801,
              12.9752315
            ],
            [
              77.6029761,
              12.9752139
            ],
            [
              77.6028717,
              12.9752326
            ],
            [
              77.6028034,
              12.9752167
            ],
            [
              77.6027618,
              12.9752071
            ],
            [
              77.6028053,
              12.9750457
            ],
            [
              77.602836,
              12.9750424
            ],
            [
              77.60285,
              12.975041
            ],
            [
              77.6028507,
              12.975029
            ],
            [
              77.6029978,
              12.9750057
            ],
            [
              77.603043,
              12.9752205
            ]
          ]
        ]
      },
      "id": "way/325781807"
    },
    {
      "type": "Feature",
      "properties": {
        "@id": "way/325781811",
        "building": "commercial",
        "building:levels": "2"
      },
      "geometry": {
        "type": "Polygon",
        "coordinates": [
          [
            [
              77.6013668,
              12.9759336
            ],
            [
              77.6013534,
              12.9758055
            ],
            [
              77.6013078,
              12.9758133
            ],
            [
              77.6012863,
              12.9756069
            ],
            [
              77.6014902,
              12.9755703
            ],
            [
              77.601503,
              12.9756635
            ],
            [
              77.6015197,
              12.9757846
            ],
            [
              77.6015036,
              12.9758186
            ],
            [
              77.6014794,
              12.9758473
            ],
            [
              77.6013668,
              12.9759336
            ]
          ]
        ]
      },
      "id": "way/325781811"
    },
    {
      "type": "Feature",
      "properties": {
        "@id": "way/325781815",
        "building": "yes"
      },
      "geometry": {
        "type": "Polygon",
        "coordinates": [
          [
            [
              77.6035033,
              12.9746708
            ],
            [
              77.6035128,
              12.9745975
            ],
            [
              77.6034915,
              12.9745949
            ],
            [
              77.6035007,
              12.9745232
            ],
            [
              77.6035183,
              12.9745253
            ],
            [
              77.6035293,
              12.9744398
            ],
            [
              77.603546,
              12.9744418
            ],
            [
              77.6035479,
              12.9744267
            ],
            [
              77.6036182,
              12.9744353
            ],
            [
              77.6036173,
              12.974442
            ],
            [
              77.6036746,
              12.974449
            ],
            [
              77.603668,
              12.9745009
            ],
            [
              77.6036486,
              12.9744985
            ],
            [
              77.6036426,
              12.9745456
            ],
            [
              77.6036376,
              12.974545
            ],
            [
              77.6036323,
              12.9745861
            ],
            [
              77.6036402,
              12.9745871
            ],
            [
              77.6036346,
              12.9746305
            ],
            [
              77.6036533,
              12.9746327
            ],
            [
              77.6036468,
              12.9746831
            ],
            [
              77.6035933,
              12.9746766
            ],
            [
              77.6035949,
              12.974664
            ],
            [
              77.6035839,
              12.9746627
            ],
            [
              77.6035809,
              12.9746857
            ],
            [
              77.6035565,
              12.9746828
            ],
            [
              77.6035558,
              12.9746877
            ],
            [
              77.6035308,
              12.9746846
            ],
            [
              77.6035321,
              12.9746744
            ],
            [
              77.6035033,
              12.9746708
            ]
          ]
        ]
      },
      "id": "way/325781815"
    },
    {
      "type": "Feature",
      "properties": {
        "@id": "way/325781820",
        "building": "yes"
      },
      "geometry": {
        "type": "Polygon",
        "coordinates": [
          [
            [
              77.6009175,
              12.9762842
            ],
            [
              77.6008907,
              12.9762028
            ],
            [
              77.6009417,
              12.9761516
            ],
            [
              77.6009129,
              12.9761212
            ],
            [
              77.601007,
              12.9760343
            ],
            [
              77.6010788,
              12.9759382
            ],
            [
              77.6012045,
              12.9760218
            ],
            [
              77.6009175,
              12.9762842
            ]
          ]
        ]
      },
      "id": "way/325781820"
    },
    {
      "type": "Feature",
      "properties": {
        "@id": "way/325781823",
        "addr:city": "Bengaluru",
        "addr:housenumber": "36",
        "addr:postcode": "560001",
        "addr:street": "Church Street",
        "addr:suburb": "Shanthala Nagar",
        "building": "commercial",
        "building:levels": "3"
      },
      "geometry": {
        "type": "Polygon",
        "coordinates": [
          [
            [
              77.6027709,
              12.9752969
            ],
            [
              77.6030237,
              12.9752387
            ],
            [
              77.6030503,
              12.9753687
            ],
            [
              77.6027816,
              12.9754318
            ],
            [
              77.6027696,
              12.9754303
            ],
            [
              77.6027595,
              12.975423
            ],
            [
              77.6027513,
              12.9754125
            ],
            [
              77.6027464,
              12.9754001
            ],
            [
              77.6027709,
              12.9752969
            ]
          ]
        ]
      },
      "id": "way/325781823"
    },
    {
      "type": "Feature",
      "properties": {
        "@id": "way/325781829",
        "building": "yes"
      },
      "geometry": {
        "type": "Polygon",
        "coordinates": [
          [
            [
              77.6033241,
              12.9746819
            ],
            [
              77.6033404,
              12.974414
            ],
            [
              77.6034757,
              12.9744218
            ],
            [
              77.6034595,
              12.9746897
            ],
            [
              77.6033241,
              12.9746819
            ]
          ]
        ]
      },
      "id": "way/325781829"
    },
    {
      "type": "Feature",
      "properties": {
        "@id": "way/325781830",
        "building": "house",
        "building:levels": "2"
      },
      "geometry": {
        "type": "Polygon",
        "coordinates": [
          [
            [
              77.6031438,
              12.9749451
            ],
            [
              77.6030919,
              12.9749461
            ],
            [
              77.6030918,
              12.9749396
            ],
            [
              77.6030557,
              12.9749402
            ],
            [
              77.6030551,
              12.9749106
            ],
            [
              77.6030194,
              12.9749112
            ],
            [
              77.60302,
              12.9749412
            ],
            [
              77.6029268,
              12.974943
            ],
            [
              77.602924,
              12.9748037
            ],
            [
              77.6030073,
              12.9748021
            ],
            [
              77.6030082,
              12.9748451
            ],
            [
              77.603019,
              12.9748343
            ],
            [
              77.6030499,
              12.9748337
            ],
            [
              77.6030591,
              12.9748417
            ],
            [
              77.6030583,
              12.9748015
            ],
            [
              77.6030878,
              12.9748009
            ],
            [
              77.6030876,
              12.9747925
            ],
            [
              77.6031408,
              12.9747915
            ],
            [
              77.6031438,
              12.9749451
            ]
          ]
        ]
      },
      "id": "way/325781830"
    },
    {
      "type": "Feature",
      "properties": {
        "@id": "way/327534041",
        "addr:city": "Bengaluru",
        "addr:housenumber": "98",
        "addr:postcode": "560001",
        "addr:street": "MG Road",
        "addr:suburb": "Shanthala Nagar",
        "building": "commercial",
        "building:levels": "6"
      },
      "geometry": {
        "type": "Polygon",
        "coordinates": [
          [
            [
              77.60309,
              12.9760605
            ],
            [
              77.6031049,
              12.9760555
            ],
            [
              77.6030727,
              12.975928
            ],
            [
              77.6033546,
              12.9758648
            ],
            [
              77.6033853,
              12.9759881
            ],
            [
              77.6034012,
              12.9759851
            ],
            [
              77.6034128,
              12.9760374
            ],
            [
              77.6033639,
              12.9760374
            ],
            [
              77.603273,
              12.9760431
            ],
            [
              77.6031728,
              12.9760737
            ],
            [
              77.6031029,
              12.9761078
            ],
            [
              77.60309,
              12.9760605
            ]
          ]
        ]
      },
      "id": "way/327534041"
    },
    {
      "type": "Feature",
      "properties": {
        "@id": "way/327534044",
        "addr:city": "Bengaluru",
        "addr:housenumber": "87",
        "addr:postcode": "560001",
        "addr:street": "MG Road",
        "addr:suburb": "Shanthala Nagar",
        "building": "commercial",
        "building:levels": "7",
        "building:material": "glass"
      },
      "geometry": {
        "type": "Polygon",
        "coordinates": [
          [
            [
              77.6042857,
              12.9756663
            ],
            [
              77.6044725,
              12.9756236
            ],
            [
              77.6045133,
              12.9757929
            ],
            [
              77.6043264,
              12.9758356
            ],
            [
              77.6042857,
              12.9756663
            ]
          ]
        ]
      },
      "id": "way/327534044"
    },
    {
      "type": "Feature",
      "properties": {
        "@id": "way/327534048",
        "building": "commercial"
      },
      "geometry": {
        "type": "Polygon",
        "coordinates": [
          [
            [
              77.6042716,
              12.9755654
            ],
            [
              77.6044329,
              12.9755283
            ],
            [
              77.6044551,
              12.97562
            ],
            [
              77.6042937,
              12.9756571
            ],
            [
              77.6042716,
              12.9755654
            ]
          ]
        ]
      },
      "id": "way/327534048"
    },
    {
      "type": "Feature",
      "properties": {
        "@id": "way/327534052",
        "addr:housename": "Andrews Building",
        "building": "commercial",
        "building:levels": "2",
        "building:material": "stone"
      },
      "geometry": {
        "type": "Polygon",
        "coordinates": [
          [
            [
              77.602709,
              12.9762345
            ],
            [
              77.6027142,
              12.9760839
            ],
            [
              77.6029283,
              12.9760416
            ],
            [
              77.6029582,
              12.9761851
            ],
            [
              77.602709,
              12.9762345
            ]
          ]
        ]
      },
      "id": "way/327534052"
    },
    {
      "type": "Feature",
      "properties": {
        "@id": "way/327534055",
        "building": "commercial",
        "building:levels": "3"
      },
      "geometry": {
        "type": "Polygon",
        "coordinates": [
          [
            [
              77.6033795,
              12.9758647
            ],
            [
              77.6034193,
              12.9758566
            ],
            [
              77.6034624,
              12.9760564
            ],
            [
              77.6034226,
              12.9760645
            ],
            [
              77.6033795,
              12.9758647
            ]
          ]
        ]
      },
      "id": "way/327534055"
    },
    {
      "type": "Feature",
      "properties": {
        "@id": "way/327542016",
        "building": "yes"
      },
      "geometry": {
        "type": "Polygon",
        "coordinates": [
          [
            [
              77.5997443,
              12.9733631
            ],
            [
              77.5997588,
              12.9734551
            ],
            [
              77.5996075,
              12.9734778
            ],
            [
              77.599593,
              12.9733858
            ],
            [
              77.5997443,
              12.9733631
            ]
          ]
        ]
      },
      "id": "way/327542016"
    },
    {
      "type": "Feature",
      "properties": {
        "@id": "way/327542017",
        "building": "yes"
      },
      "geometry": {
        "type": "Polygon",
        "coordinates": [
          [
            [
              77.6004969,
              12.9737047
            ],
            [
              77.6005227,
              12.9738685
            ],
            [
              77.6003407,
              12.9738958
            ],
            [
              77.6003148,
              12.973732
            ],
            [
              77.6004969,
              12.9737047
            ]
          ]
        ]
      },
      "id": "way/327542017"
    },
    {
      "type": "Feature",
      "properties": {
        "@id": "way/327542018",
        "building": "commercial"
      },
      "geometry": {
        "type": "Polygon",
        "coordinates": [
          [
            [
              77.6022894,
              12.975836
            ],
            [
              77.6023075,
              12.975906
            ],
            [
              77.6023039,
              12.9759069
            ],
            [
              77.6023135,
              12.9759444
            ],
            [
              77.6023019,
              12.9759473
            ],
            [
              77.6023125,
              12.9759886
            ],
            [
              77.6023158,
              12.9760014
            ],
            [
              77.6021973,
              12.9760303
            ],
            [
              77.6021557,
              12.9758686
            ],
            [
              77.6022894,
              12.975836
            ]
          ]
        ]
      },
      "id": "way/327542018"
    },
    {
      "type": "Feature",
      "properties": {
        "@id": "way/327542019",
        "building": "yes"
      },
      "geometry": {
        "type": "Polygon",
        "coordinates": [
          [
            [
              77.6002963,
              12.9734551
            ],
            [
              77.6003679,
              12.9734459
            ],
            [
              77.600386,
              12.9735807
            ],
            [
              77.6003144,
              12.9735899
            ],
            [
              77.6002963,
              12.9734551
            ]
          ]
        ]
      },
      "id": "way/327542019"
    },
    {
      "type": "Feature",
      "properties": {
        "@id": "way/327542020",
        "building": "yes"
      },
      "geometry": {
        "type": "Polygon",
        "coordinates": [
          [
            [
              77.6002734,
              12.9732915
            ],
            [
              77.600345,
              12.9732823
            ],
            [
              77.6003631,
              12.9734171
            ],
            [
              77.6002915,
              12.9734262
            ],
            [
              77.6002734,
              12.9732915
            ]
          ]
        ]
      },
      "id": "way/327542020"
    },
    {
      "type": "Feature",
      "properties": {
        "@id": "way/327542021",
        "addr:city": "Bengaluru",
        "addr:housenumber": "48",
        "addr:postcode": "560001",
        "addr:street": "Church Street",
        "addr:suburb": "Shanthala Nagar",
        "building": "commercial",
        "building:levels": "4"
      },
      "geometry": {
        "type": "Polygon",
        "coordinates": [
          [
            [
              77.6017524,
              12.9758669
            ],
            [
              77.6017581,
              12.9758533
            ],
            [
              77.6017702,
              12.9758416
            ],
            [
              77.6018208,
              12.9758311
            ],
            [
              77.6018507,
              12.9759419
            ],
            [
              77.6017761,
              12.9759614
            ],
            [
              77.6017524,
              12.9758669
            ]
          ]
        ]
      },
      "id": "way/327542021"
    },
    {
      "type": "Feature",
      "properties": {
        "@id": "way/327542022",
        "building": "yes"
      },
      "geometry": {
        "type": "Polygon",
        "coordinates": [
          [
            [
              77.5997293,
              12.9740375
            ],
            [
              77.5997924,
              12.9743918
            ],
            [
              77.5996728,
              12.974412
            ],
            [
              77.5996097,
              12.9740577
            ],
            [
              77.5997293,
              12.9740375
            ]
          ]
        ]
      },
      "id": "way/327542022"
    },
    {
      "type": "Feature",
      "properties": {
        "@id": "way/327542023",
        "building": "yes"
      },
      "geometry": {
        "type": "Polygon",
        "coordinates": [
          [
            [
              77.6002135,
              12.9737184
            ],
            [
              77.6002279,
              12.9738075
            ],
            [
              77.6001374,
              12.9738213
            ],
            [
              77.600123,
              12.9737322
            ],
            [
              77.6002135,
              12.9737184
            ]
          ]
        ]
      },
      "id": "way/327542023"
    },
    {
      "type": "Feature",
      "properties": {
        "@id": "way/327542024",
        "addr:housenumber": "16",
        "addr:street": "Saint Mark's Road",
        "building": "commercial",
        "building:levels": "1",
        "building:material": "stone",
        "name": "Book Society",
        "roof:levels": "1",
        "start_date": "1912-01-01"
      },
      "geometry": {
        "type": "Polygon",
        "coordinates": [
          [
            [
              77.6016271,
              12.9763605
            ],
            [
              77.6015627,
              12.9763724
            ],
            [
              77.6014771,
              12.9763118
            ],
            [
              77.6014422,
              12.9760664
            ],
            [
              77.6015797,
              12.9760422
            ],
            [
              77.6016271,
              12.9763605
            ]
          ]
        ]
      },
      "id": "way/327542024"
    },
    {
      "type": "Feature",
      "properties": {
        "@id": "way/327542025",
        "building": "roof",
        "layer": "1"
      },
      "geometry": {
        "type": "Polygon",
        "coordinates": [
          [
            [
              77.6013918,
              12.975123
            ],
            [
              77.6014205,
              12.975383
            ],
            [
              77.601323,
              12.9753932
            ],
            [
              77.6013051,
              12.9752307
            ],
            [
              77.6012586,
              12.9752356
            ],
            [
              77.6012478,
              12.9751381
            ],
            [
              77.6013918,
              12.975123
            ]
          ]
        ]
      },
      "id": "way/327542025"
    },
    {
      "type": "Feature",
      "properties": {
        "@id": "way/327542026",
        "building": "yes",
        "building:levels": "2",
        "building:material": "stone",
        "name": "Bible Society"
      },
      "geometry": {
        "type": "Polygon",
        "coordinates": [
          [
            [
              77.6014403,
              12.9763265
            ],
            [
              77.601435,
              12.9764461
            ],
            [
              77.6011404,
              12.9764313
            ],
            [
              77.6011441,
              12.9763351
            ],
            [
              77.6011914,
              12.976294
            ],
            [
              77.6012234,
              12.9763079
            ],
            [
              77.6013554,
              12.9763126
            ],
            [
              77.6013547,
              12.9763237
            ],
            [
              77.6014403,
              12.9763265
            ]
          ]
        ]
      },
      "id": "way/327542026"
    },
    {
      "type": "Feature",
      "properties": {
        "@id": "way/327542027",
        "building": "yes"
      },
      "geometry": {
        "type": "Polygon",
        "coordinates": [
          [
            [
              77.600043,
              12.9740051
            ],
            [
              77.6000192,
              12.9738519
            ],
            [
              77.6001464,
              12.9738331
            ],
            [
              77.6001702,
              12.9739863
            ],
            [
              77.6000873,
              12.9739986
            ],
            [
              77.6000954,
              12.9740576
            ],
            [
              77.6000597,
              12.9740627
            ],
            [
              77.6000503,
              12.974004
            ],
            [
              77.600043,
              12.9740051
            ]
          ]
        ]
      },
      "id": "way/327542027"
    },
    {
      "type": "Feature",
      "properties": {
        "@id": "way/327542028",
        "building": "yes"
      },
      "geometry": {
        "type": "Polygon",
        "coordinates": [
          [
            [
              77.5998619,
              12.9736982
            ],
            [
              77.599827,
              12.973474
            ],
            [
              77.5999627,
              12.9733178
            ],
            [
              77.600189,
              12.9732888
            ],
            [
              77.6002045,
              12.973387
            ],
            [
              77.599986,
              12.9734185
            ],
            [
              77.5999188,
              12.9735004
            ],
            [
              77.5999498,
              12.9736843
            ],
            [
              77.5998619,
              12.9736982
            ]
          ]
        ]
      },
      "id": "way/327542028"
    },
    {
      "type": "Feature",
      "properties": {
        "@id": "way/327542029",
        "building": "yes"
      },
      "geometry": {
        "type": "Polygon",
        "coordinates": [
          [
            [
              77.6012214,
              12.9762695
            ],
            [
              77.601315,
              12.9761848
            ],
            [
              77.6013681,
              12.9762405
            ],
            [
              77.6013451,
              12.9762613
            ],
            [
              77.6013766,
              12.9762943
            ],
            [
              77.6013596,
              12.9763096
            ],
            [
              77.6013178,
              12.9762657
            ],
            [
              77.6012759,
              12.9763036
            ],
            [
              77.6012504,
              12.9762768
            ],
            [
              77.6012386,
              12.9762875
            ],
            [
              77.6012214,
              12.9762695
            ]
          ]
        ]
      },
      "id": "way/327542029"
    },
    {
      "type": "Feature",
      "properties": {
        "@id": "way/327542030",
        "building": "yes"
      },
      "geometry": {
        "type": "Polygon",
        "coordinates": [
          [
            [
              77.601141,
              12.9739944
            ],
            [
              77.6006416,
              12.9740537
            ],
            [
              77.6006359,
              12.9740084
            ],
            [
              77.6006149,
              12.9740109
            ],
            [
              77.6005961,
              12.9738604
            ],
            [
              77.6011166,
              12.9737986
            ],
            [
              77.601141,
              12.9739944
            ]
          ]
        ]
      },
      "id": "way/327542030"
    },
    {
      "type": "Feature",
      "properties": {
        "@id": "way/327542031",
        "addr:housenumber": "52",
        "addr:street": "Saint Mark's Road",
        "building": "school",
        "building:levels": "4"
      },
      "geometry": {
        "type": "Polygon",
        "coordinates": [
          [
            [
              77.6017468,
              12.9747839
            ],
            [
              77.6021988,
              12.9748013
            ],
            [
              77.6021931,
              12.9749407
            ],
            [
              77.6021307,
              12.9749384
            ],
            [
              77.602125,
              12.9750784
            ],
            [
              77.6018811,
              12.9750691
            ],
            [
              77.6016853,
              12.9750865
            ],
            [
              77.6016558,
              12.9748146
            ],
            [
              77.601745,
              12.9748068
            ],
            [
              77.6017468,
              12.9747839
            ]
          ]
        ]
      },
      "id": "way/327542031"
    },
    {
      "type": "Feature",
      "properties": {
        "@id": "way/327551779",
        "building": "yes"
      },
      "geometry": {
        "type": "Polygon",
        "coordinates": [
          [
            [
              77.5970311,
              12.9759868
            ],
            [
              77.5970037,
              12.9758824
            ],
            [
              77.5970635,
              12.9758675
            ],
            [
              77.5970909,
              12.9759719
            ],
            [
              77.5970311,
              12.9759868
            ]
          ]
        ]
      },
      "id": "way/327551779"
    },
    {
      "type": "Feature",
      "properties": {
        "@id": "way/327551783",
        "building": "commercial",
        "building:levels": "13",
        "building:levels:underground": "1"
      },
      "geometry": {
        "type": "Polygon",
        "coordinates": [
          [
            [
              77.5974008,
              12.9758783
            ],
            [
              77.5973916,
              12.9758508
            ],
            [
              77.5973499,
              12.9758641
            ],
            [
              77.5972402,
              12.9755368
            ],
            [
              77.5972524,
              12.975533
            ],
            [
              77.5972326,
              12.975474
            ],
            [
              77.5972924,
              12.975455
            ],
            [
              77.5973018,
              12.9754831
            ],
            [
              77.5973211,
              12.975477
            ],
            [
              77.5973311,
              12.9755071
            ],
            [
              77.5973558,
              12.9754992
            ],
            [
              77.5973668,
              12.9755319
            ],
            [
              77.5973878,
              12.9755252
            ],
            [
              77.597414,
              12.9756034
            ],
            [
              77.5974669,
              12.9755865
            ],
            [
              77.5974821,
              12.975632
            ],
            [
              77.5975161,
              12.9756211
            ],
            [
              77.5975359,
              12.9756801
            ],
            [
              77.597571,
              12.9756689
            ],
            [
              77.597634,
              12.9758569
            ],
            [
              77.5975891,
              12.9758712
            ],
            [
              77.5976069,
              12.9759243
            ],
            [
              77.5975143,
              12.9759537
            ],
            [
              77.5975,
              12.975911
            ],
            [
              77.5974522,
              12.9759262
            ],
            [
              77.5974328,
              12.9758681
            ],
            [
              77.5974008,
              12.9758783
            ]
          ]
        ]
      },
      "id": "way/327551783"
    },
    {
      "type": "Feature",
      "properties": {
        "@id": "way/327551784",
        "building": "roof",
        "layer": "1"
      },
      "geometry": {
        "type": "Polygon",
        "coordinates": [
          [
            [
              77.5978554,
              12.9760774
            ],
            [
              77.5977587,
              12.9760081
            ],
            [
              77.5978989,
              12.9758222
            ],
            [
              77.5979956,
              12.9758914
            ],
            [
              77.5978554,
              12.9760774
            ]
          ]
        ]
      },
      "id": "way/327551784"
    },
    {
      "type": "Feature",
      "properties": {
        "@id": "way/327553589",
        "building": "commercial",
        "building:levels": "1"
      },
      "geometry": {
        "type": "Polygon",
        "coordinates": [
          [
            [
              77.6032168,
              12.9751053
            ],
            [
              77.6032681,
              12.9753157
            ],
            [
              77.6032066,
              12.9753299
            ],
            [
              77.6031553,
              12.9751195
            ],
            [
              77.6032168,
              12.9751053
            ]
          ]
        ]
      },
      "id": "way/327553589"
    },
    {
      "type": "Feature",
      "properties": {
        "@id": "way/327553592",
        "building": "yes"
      },
      "geometry": {
        "type": "Polygon",
        "coordinates": [
          [
            [
              77.6037206,
              12.9746743
            ],
            [
              77.6039617,
              12.9746645
            ],
            [
              77.6039667,
              12.9747811
            ],
            [
              77.6037256,
              12.9747909
            ],
            [
              77.6037206,
              12.9746743
            ]
          ]
        ]
      },
      "id": "way/327553592"
    },
    {
      "type": "Feature",
      "properties": {
        "@id": "way/327553593",
        "building": "commercial",
        "building:levels": "3"
      },
      "geometry": {
        "type": "Polygon",
        "coordinates": [
          [
            [
              77.6036961,
              12.9752062
            ],
            [
              77.6035857,
              12.9752307
            ],
            [
              77.6035043,
              12.9748826
            ],
            [
              77.6036146,
              12.9748581
            ],
            [
              77.6036961,
              12.9752062
            ]
          ]
        ]
      },
      "id": "way/327553593"
    },
    {
      "type": "Feature",
      "properties": {
        "@id": "way/327553594",
        "building": "yes"
      },
      "geometry": {
        "type": "Polygon",
        "coordinates": [
          [
            [
              77.603688,
              12.9746468
            ],
            [
              77.6036844,
              12.9745168
            ],
            [
              77.6039709,
              12.9745094
            ],
            [
              77.6039745,
              12.9746393
            ],
            [
              77.603688,
              12.9746468
            ]
          ]
        ]
      },
      "id": "way/327553594"
    },
    {
      "type": "Feature",
      "properties": {
        "@id": "way/327553595",
        "building": "hotel",
        "building:levels": "4",
        "name": "Church's Inn"
      },
      "geometry": {
        "type": "Polygon",
        "coordinates": [
          [
            [
              77.6039678,
              12.9751513
            ],
            [
              77.6038586,
              12.9751723
            ],
            [
              77.6038189,
              12.9749764
            ],
            [
              77.603928,
              12.9749554
            ],
            [
              77.6039678,
              12.9751513
            ]
          ]
        ]
      },
      "id": "way/327553595"
    },
    {
      "type": "Feature",
      "properties": {
        "@id": "way/327553596",
        "building": "commercial",
        "building:levels": "4"
      },
      "geometry": {
        "type": "Polygon",
        "coordinates": [
          [
            [
              77.603579,
              12.9752289
            ],
            [
              77.6034176,
              12.9752645
            ],
            [
              77.6033663,
              12.9750435
            ],
            [
              77.6035276,
              12.9750079
            ],
            [
              77.603579,
              12.9752289
            ]
          ]
        ]
      },
      "id": "way/327553596"
    },
    {
      "type": "Feature",
      "properties": {
        "@id": "way/327553597",
        "addr:city": "Bengaluru",
        "addr:country": "IN",
        "addr:housenumber": "28",
        "addr:postcode": "560001",
        "addr:street": "Church Street",
        "addr:suburb": "Ashok Nagar",
        "building": "commercial",
        "building:levels": "3",
        "name": "Citi Centre"
      },
      "geometry": {
        "type": "Polygon",
        "coordinates": [
          [
            [
              77.604085,
              12.9751234
            ],
            [
              77.60397,
              12.9751414
            ],
            [
              77.6039388,
              12.9749515
            ],
            [
              77.6040539,
              12.9749336
            ],
            [
              77.604085,
              12.9751234
            ]
          ]
        ]
      },
      "id": "way/327553597"
    },
    {
      "type": "Feature",
      "properties": {
        "@id": "way/327553598",
        "building": "yes"
      },
      "geometry": {
        "type": "Polygon",
        "coordinates": [
          [
            [
              77.6033157,
              12.9749266
            ],
            [
              77.6033902,
              12.9749108
            ],
            [
              77.603412,
              12.9750085
            ],
            [
              77.6033376,
              12.9750243
            ],
            [
              77.6033157,
              12.9749266
            ]
          ]
        ]
      },
      "id": "way/327553598"
    },
    {
      "type": "Feature",
      "properties": {
        "@id": "way/327553600",
        "building": "yes"
      },
      "geometry": {
        "type": "Polygon",
        "coordinates": [
          [
            [
              77.6033847,
              12.9747736
            ],
            [
              77.6036324,
              12.9747459
            ],
            [
              77.6036426,
              12.9748321
            ],
            [
              77.6033949,
              12.9748598
            ],
            [
              77.6033847,
              12.9747736
            ]
          ]
        ]
      },
      "id": "way/327553600"
    },
    {
      "type": "Feature",
      "properties": {
        "@id": "way/327553604",
        "building": "yes",
        "building:levels": "5",
        "name": "High Gates",
        "tourism": "hotel"
      },
      "geometry": {
        "type": "Polygon",
        "coordinates": [
          [
            [
              77.603301,
              12.9749544
            ],
            [
              77.603338,
              12.9750947
            ],
            [
              77.6032573,
              12.9751149
            ],
            [
              77.6032451,
              12.9750688
            ],
            [
              77.6030615,
              12.9751147
            ],
            [
              77.6030367,
              12.9750206
            ],
            [
              77.603301,
              12.9749544
            ]
          ]
        ]
      },
      "id": "way/327553604"
    },
    {
      "type": "Feature",
      "properties": {
        "@id": "way/327553605",
        "building": "commercial",
        "building:levels": "4"
      },
      "geometry": {
        "type": "Polygon",
        "coordinates": [
          [
            [
              77.6037746,
              12.9751911
            ],
            [
              77.6037364,
              12.9750247
            ],
            [
              77.6037147,
              12.9749302
            ],
            [
              77.6036488,
              12.9749446
            ],
            [
              77.6036282,
              12.9748548
            ],
            [
              77.6037734,
              12.9748231
            ],
            [
              77.6038538,
              12.9751738
            ],
            [
              77.6037746,
              12.9751911
            ]
          ]
        ]
      },
      "id": "way/327553605"
    },
    {
      "type": "Feature",
      "properties": {
        "@id": "way/327589073",
        "building": "yes"
      },
      "geometry": {
        "type": "Polygon",
        "coordinates": [
          [
            [
              77.60425,
              12.973178
            ],
            [
              77.6042365,
              12.9730473
            ],
            [
              77.6044843,
              12.973023
            ],
            [
              77.6044978,
              12.9731537
            ],
            [
              77.60425,
              12.973178
            ]
          ]
        ]
      },
      "id": "way/327589073"
    },
    {
      "type": "Feature",
      "properties": {
        "@id": "way/327589075",
        "building": "yes"
      },
      "geometry": {
        "type": "Polygon",
        "coordinates": [
          [
            [
              77.6044122,
              12.9724564
            ],
            [
              77.6045369,
              12.9721481
            ],
            [
              77.6046597,
              12.9721953
            ],
            [
              77.604535,
              12.9725036
            ],
            [
              77.6044122,
              12.9724564
            ]
          ]
        ]
      },
      "id": "way/327589075"
    },
    {
      "type": "Feature",
      "properties": {
        "@id": "way/327589076",
        "building": "commercial",
        "building:levels": "4"
      },
      "geometry": {
        "type": "Polygon",
        "coordinates": [
          [
            [
              77.6032129,
              12.9736579
            ],
            [
              77.6032956,
              12.9736739
            ],
            [
              77.6032779,
              12.9737609
            ],
            [
              77.6031952,
              12.9737449
            ],
            [
              77.6032129,
              12.9736579
            ]
          ]
        ]
      },
      "id": "way/327589076"
    },
    {
      "type": "Feature",
      "properties": {
        "@id": "way/327589077",
        "building": "yes"
      },
      "geometry": {
        "type": "Polygon",
        "coordinates": [
          [
            [
              77.6045933,
              12.973196
            ],
            [
              77.6047958,
              12.9734739
            ],
            [
              77.604697,
              12.9735423
            ],
            [
              77.6044944,
              12.9732644
            ],
            [
              77.6045933,
              12.973196
            ]
          ]
        ]
      },
      "id": "way/327589077"
    },
    {
      "type": "Feature",
      "properties": {
        "@id": "way/327589079",
        "building": "yes"
      },
      "geometry": {
        "type": "Polygon",
        "coordinates": [
          [
            [
              77.6038343,
              12.97381
            ],
            [
              77.6040338,
              12.973851
            ],
            [
              77.6040339,
              12.9739354
            ],
            [
              77.6038176,
              12.9738872
            ],
            [
              77.6038343,
              12.97381
            ]
          ]
        ]
      },
      "id": "way/327589079"
    },
    {
      "type": "Feature",
      "properties": {
        "@id": "way/327589081",
        "building": "yes"
      },
      "geometry": {
        "type": "Polygon",
        "coordinates": [
          [
            [
              77.6037314,
              12.9739023
            ],
            [
              77.6040451,
              12.9739606
            ],
            [
              77.6040012,
              12.9741846
            ],
            [
              77.6036875,
              12.9741262
            ],
            [
              77.6037314,
              12.9739023
            ]
          ]
        ]
      },
      "id": "way/327589081"
    },
    {
      "type": "Feature",
      "properties": {
        "@id": "way/327589084",
        "building": "yes"
      },
      "geometry": {
        "type": "Polygon",
        "coordinates": [
          [
            [
              77.602434,
              12.9734068
            ],
            [
              77.6024423,
              12.9735412
            ],
            [
              77.6023321,
              12.9735477
            ],
            [
              77.6023238,
              12.9734132
            ],
            [
              77.602434,
              12.9734068
            ]
          ]
        ]
      },
      "id": "way/327589084"
    },
    {
      "type": "Feature",
      "properties": {
        "@id": "way/327589085",
        "building": "commercial"
      },
      "geometry": {
        "type": "Polygon",
        "coordinates": [
          [
            [
              77.6033443,
              12.9731321
            ],
            [
              77.6034817,
              12.9731371
            ],
            [
              77.6034765,
              12.9732749
            ],
            [
              77.6033391,
              12.97327
            ],
            [
              77.6033443,
              12.9731321
            ]
          ]
        ]
      },
      "id": "way/327589085"
    },
    {
      "type": "Feature",
      "properties": {
        "@id": "way/327589087",
        "building": "yes"
      },
      "geometry": {
        "type": "Polygon",
        "coordinates": [
          [
            [
              77.602601,
              12.9732005
            ],
            [
              77.6026036,
              12.973394
            ],
            [
              77.6025078,
              12.9733952
            ],
            [
              77.6025073,
              12.9733568
            ],
            [
              77.6024589,
              12.9733574
            ],
            [
              77.6024569,
              12.9732023
            ],
            [
              77.602601,
              12.9732005
            ]
          ]
        ]
      },
      "id": "way/327589087"
    },
    {
      "type": "Feature",
      "properties": {
        "@id": "way/327589088",
        "building": "yes"
      },
      "geometry": {
        "type": "Polygon",
        "coordinates": [
          [
            [
              77.6036279,
              12.9737635
            ],
            [
              77.6037684,
              12.9737916
            ],
            [
              77.6037518,
              12.9738706
            ],
            [
              77.6036113,
              12.9738425
            ],
            [
              77.6036279,
              12.9737635
            ]
          ]
        ]
      },
      "id": "way/327589088"
    },
    {
      "type": "Feature",
      "properties": {
        "@id": "way/327589091",
        "building": "house"
      },
      "geometry": {
        "type": "Polygon",
        "coordinates": [
          [
            [
              77.604093,
              12.9738124
            ],
            [
              77.6041019,
              12.9737078
            ],
            [
              77.6042065,
              12.9737163
            ],
            [
              77.6041976,
              12.973821
            ],
            [
              77.604093,
              12.9738124
            ]
          ]
        ]
      },
      "id": "way/327589091"
    },
    {
      "type": "Feature",
      "properties": {
        "@id": "way/327589093",
        "addr:housenumber": "13",
        "addr:street": "Rest Houst Crescent Road",
        "building": "residential",
        "name": "Mateen Manzil"
      },
      "geometry": {
        "type": "Polygon",
        "coordinates": [
          [
            [
              77.6036311,
              12.9742004
            ],
            [
              77.6036991,
              12.9742106
            ],
            [
              77.6037025,
              12.9741895
            ],
            [
              77.6038179,
              12.9742069
            ],
            [
              77.603787,
              12.9744018
            ],
            [
              77.6036035,
              12.9743742
            ],
            [
              77.6036311,
              12.9742004
            ]
          ]
        ]
      },
      "id": "way/327589093"
    },
    {
      "type": "Feature",
      "properties": {
        "@id": "way/327589094",
        "building": "yes"
      },
      "geometry": {
        "type": "Polygon",
        "coordinates": [
          [
            [
              77.6041449,
              12.9733801
            ],
            [
              77.604149,
              12.9732166
            ],
            [
              77.6043702,
              12.9732218
            ],
            [
              77.6043661,
              12.9733853
            ],
            [
              77.6041449,
              12.9733801
            ]
          ]
        ]
      },
      "id": "way/327589094"
    },
    {
      "type": "Feature",
      "properties": {
        "@id": "way/327589096",
        "addr:housenumber": "14",
        "addr:street": "Museum Road",
        "building": "yes",
        "name": "Meghasandesha"
      },
      "geometry": {
        "type": "Polygon",
        "coordinates": [
          [
            [
              77.6040456,
              12.9727642
            ],
            [
              77.6040441,
              12.9726509
            ],
            [
              77.6040786,
              12.9726504
            ],
            [
              77.6040778,
              12.9725945
            ],
            [
              77.6041976,
              12.972593
            ],
            [
              77.6041999,
              12.9727622
            ],
            [
              77.6040456,
              12.9727642
            ]
          ]
        ]
      },
      "id": "way/327589096"
    },
    {
      "type": "Feature",
      "properties": {
        "@id": "way/327589097",
        "addr:housenumber": "10",
        "addr:street": "Museum Road",
        "building": "commercial",
        "building:levels": "4",
        "name": "Pride Elite"
      },
      "geometry": {
        "type": "Polygon",
        "coordinates": [
          [
            [
              77.6032738,
              12.9735215
            ],
            [
              77.6036998,
              12.9736176
            ],
            [
              77.6036734,
              12.9737287
            ],
            [
              77.6032474,
              12.9736327
            ],
            [
              77.6032738,
              12.9735215
            ]
          ]
        ]
      },
      "id": "way/327589097"
    },
    {
      "type": "Feature",
      "properties": {
        "@id": "way/327589098",
        "building": "commercial",
        "name": "Jubilee Building"
      },
      "geometry": {
        "type": "Polygon",
        "coordinates": [
          [
            [
              77.6043161,
              12.9727287
            ],
            [
              77.604401,
              12.9725682
            ],
            [
              77.6048086,
              12.9727728
            ],
            [
              77.6047238,
              12.9729334
            ],
            [
              77.6043161,
              12.9727287
            ]
          ]
        ]
      },
      "id": "way/327589098"
    },
    {
      "type": "Feature",
      "properties": {
        "@id": "way/327589100",
        "building": "yes"
      },
      "geometry": {
        "type": "Polygon",
        "coordinates": [
          [
            [
              77.6044468,
              12.973483
            ],
            [
              77.6045543,
              12.9734132
            ],
            [
              77.6046197,
              12.9735089
            ],
            [
              77.6045122,
              12.9735787
            ],
            [
              77.6044468,
              12.973483
            ]
          ]
        ]
      },
      "id": "way/327589100"
    },
    {
      "type": "Feature",
      "properties": {
        "@id": "way/327589104",
        "building": "apartments"
      },
      "geometry": {
        "type": "Polygon",
        "coordinates": [
          [
            [
              77.6026482,
              12.973368
            ],
            [
              77.6026717,
              12.9732285
            ],
            [
              77.6030357,
              12.9732865
            ],
            [
              77.6030122,
              12.9734261
            ],
            [
              77.6026482,
              12.973368
            ]
          ]
        ]
      },
      "id": "way/327589104"
    },
    {
      "type": "Feature",
      "properties": {
        "@id": "way/327589108",
        "building": "yes"
      },
      "geometry": {
        "type": "Polygon",
        "coordinates": [
          [
            [
              77.6022444,
              12.973175
            ],
            [
              77.6022374,
              12.9730423
            ],
            [
              77.6026077,
              12.9730239
            ],
            [
              77.6026146,
              12.9731566
            ],
            [
              77.6022444,
              12.973175
            ]
          ]
        ]
      },
      "id": "way/327589108"
    },
    {
      "type": "Feature",
      "properties": {
        "@id": "way/327589109",
        "addr:housename": "Reliaable Phoenix Towers",
        "building": "office"
      },
      "geometry": {
        "type": "Polygon",
        "coordinates": [
          [
            [
              77.6044522,
              12.9720429
            ],
            [
              77.6045114,
              12.9718932
            ],
            [
              77.6047843,
              12.9719958
            ],
            [
              77.6047251,
              12.9721455
            ],
            [
              77.6044522,
              12.9720429
            ]
          ]
        ]
      },
      "id": "way/327589109"
    },
    {
      "type": "Feature",
      "properties": {
        "@id": "way/327589110",
        "building": "apartments",
        "building:levels": "4",
        "name": "Sterling Nowroji Crescent"
      },
      "geometry": {
        "type": "Polygon",
        "coordinates": [
          [
            [
              77.6041153,
              12.9736837
            ],
            [
              77.6041324,
              12.9734696
            ],
            [
              77.6043478,
              12.973486
            ],
            [
              77.6043306,
              12.9737001
            ],
            [
              77.6041153,
              12.9736837
            ]
          ]
        ]
      },
      "id": "way/327589110"
    },
    {
      "type": "Feature",
      "properties": {
        "@id": "way/327589112",
        "building": "yes",
        "building:levels": "1",
        "start_date": "1804"
      },
      "geometry": {
        "type": "Polygon",
        "coordinates": [
          [
            [
              77.6036317,
              12.9728392
            ],
            [
              77.6038795,
              12.9726812
            ],
            [
              77.6039542,
              12.9727925
            ],
            [
              77.6037567,
              12.9729184
            ],
            [
              77.6037973,
              12.972979
            ],
            [
              77.6037471,
              12.973011
            ],
            [
              77.6036317,
              12.9728392
            ]
          ]
        ]
      },
      "id": "way/327589112"
    },
    {
      "type": "Feature",
      "properties": {
        "@id": "way/327589115",
        "building": "yes"
      },
      "geometry": {
        "type": "Polygon",
        "coordinates": [
          [
            [
              77.6036898,
              12.9731087
            ],
            [
              77.6033535,
              12.9730755
            ],
            [
              77.6033656,
              12.9730412
            ],
            [
              77.603385,
              12.9730103
            ],
            [
              77.6034108,
              12.9729842
            ],
            [
              77.6034418,
              12.9729642
            ],
            [
              77.6034766,
              12.9729513
            ],
            [
              77.6035134,
              12.972946
            ],
            [
              77.6035505,
              12.9729486
            ],
            [
              77.6035876,
              12.9729597
            ],
            [
              77.6036211,
              12.9729786
            ],
            [
              77.6036494,
              12.9730045
            ],
            [
              77.603671,
              12.9730359
            ],
            [
              77.6036847,
              12.9730713
            ],
            [
              77.6036898,
              12.9731087
            ]
          ]
        ]
      },
      "id": "way/327589115"
    },
    {
      "type": "Feature",
      "properties": {
        "@id": "way/328747356",
        "building": "apartments"
      },
      "geometry": {
        "type": "Polygon",
        "coordinates": [
          [
            [
              77.6043011,
              12.9746245
            ],
            [
              77.6042473,
              12.9744256
            ],
            [
              77.6044802,
              12.9743657
            ],
            [
              77.604534,
              12.9745646
            ],
            [
              77.6043011,
              12.9746245
            ]
          ]
        ]
      },
      "id": "way/328747356"
    },
    {
      "type": "Feature",
      "properties": {
        "@id": "way/328747362",
        "building": "yes"
      },
      "geometry": {
        "type": "Polygon",
        "coordinates": [
          [
            [
              77.6041373,
              12.974723
            ],
            [
              77.6041834,
              12.9747174
            ],
            [
              77.6041799,
              12.9746902
            ],
            [
              77.6042728,
              12.9746788
            ],
            [
              77.6042928,
              12.9748341
            ],
            [
              77.6042305,
              12.9748418
            ],
            [
              77.6042343,
              12.9748714
            ],
            [
              77.6041577,
              12.9748808
            ],
            [
              77.6041373,
              12.974723
            ]
          ]
        ]
      },
      "id": "way/328747362"
    },
    {
      "type": "Feature",
      "properties": {
        "@id": "way/328748175",
        "building": "school"
      },
      "geometry": {
        "type": "Polygon",
        "coordinates": [
          [
            [
              77.6038726,
              12.9721841
            ],
            [
              77.6037956,
              12.9715258
            ],
            [
              77.6039348,
              12.9715135
            ],
            [
              77.6039728,
              12.9717677
            ],
            [
              77.6042012,
              12.9717419
            ],
            [
              77.6042166,
              12.9718716
            ],
            [
              77.6041056,
              12.9718842
            ],
            [
              77.6041377,
              12.9721532
            ],
            [
              77.6038726,
              12.9721841
            ]
          ]
        ]
      },
      "id": "way/328748175"
    },
    {
      "type": "Feature",
      "properties": {
        "@id": "way/328748177",
        "building": "yes"
      },
      "geometry": {
        "type": "Polygon",
        "coordinates": [
          [
            [
              77.6026531,
              12.9718107
            ],
            [
              77.6026253,
              12.9716887
            ],
            [
              77.6024967,
              12.9717164
            ],
            [
              77.6024631,
              12.9715687
            ],
            [
              77.6025934,
              12.9715406
            ],
            [
              77.6025627,
              12.9714055
            ],
            [
              77.6025301,
              12.9712619
            ],
            [
              77.602652,
              12.9712356
            ],
            [
              77.6027147,
              12.9715118
            ],
            [
              77.6028455,
              12.9714836
            ],
            [
              77.6028791,
              12.9716314
            ],
            [
              77.6027467,
              12.97166
            ],
            [
              77.6027749,
              12.9717844
            ],
            [
              77.6026531,
              12.9718107
            ]
          ]
        ]
      },
      "id": "way/328748177"
    },
    {
      "type": "Feature",
      "properties": {
        "@id": "way/328748178",
        "building": "school",
        "building:levels": "3",
        "roof:levels": "1"
      },
      "geometry": {
        "type": "Polygon",
        "coordinates": [
          [
            [
              77.6037335,
              12.9718314
            ],
            [
              77.603791,
              12.9718234
            ],
            [
              77.6038114,
              12.9719945
            ],
            [
              77.6037315,
              12.9720063
            ],
            [
              77.6037453,
              12.9720949
            ],
            [
              77.6036566,
              12.972108
            ],
            [
              77.6035779,
              12.9721196
            ],
            [
              77.6035622,
              12.9720191
            ],
            [
              77.603479,
              12.972033
            ],
            [
              77.6034537,
              12.9718751
            ],
            [
              77.6034924,
              12.9718615
            ],
            [
              77.6035292,
              12.9718357
            ],
            [
              77.6035893,
              12.9718192
            ],
            [
              77.603678,
              12.9718103
            ],
            [
              77.6037172,
              12.9718141
            ],
            [
              77.6037335,
              12.9718314
            ]
          ]
        ]
      },
      "id": "way/328748178"
    },
    {
      "type": "Feature",
      "properties": {
        "@id": "way/328748185",
        "building": "school",
        "roof:colour": "red",
        "roof:shape": "gabled"
      },
      "geometry": {
        "type": "Polygon",
        "coordinates": [
          [
            [
              77.6034424,
              12.972644
            ],
            [
              77.6034237,
              12.9726738
            ],
            [
              77.6033862,
              12.972673
            ],
            [
              77.6033718,
              12.9726476
            ],
            [
              77.6033276,
              12.9726498
            ],
            [
              77.6033087,
              12.9722932
            ],
            [
              77.6034497,
              12.9722862
            ],
            [
              77.6034686,
              12.9726427
            ],
            [
              77.6034424,
              12.972644
            ]
          ]
        ]
      },
      "id": "way/328748185"
    },
    {
      "type": "Feature",
      "properties": {
        "@id": "way/328748187",
        "building": "yes"
      },
      "geometry": {
        "type": "Polygon",
        "coordinates": [
          [
            [
              77.6021939,
              12.9723686
            ],
            [
              77.6022364,
              12.9722085
            ],
            [
              77.6023871,
              12.9722465
            ],
            [
              77.6023447,
              12.9724066
            ],
            [
              77.6021939,
              12.9723686
            ]
          ]
        ]
      },
      "id": "way/328748187"
    },
    {
      "type": "Feature",
      "properties": {
        "@id": "way/328748191",
        "building": "yes"
      },
      "geometry": {
        "type": "Polygon",
        "coordinates": [
          [
            [
              77.6022465,
              12.972674
            ],
            [
              77.6022872,
              12.9725175
            ],
            [
              77.6024213,
              12.9725505
            ],
            [
              77.6023807,
              12.972707
            ],
            [
              77.6022465,
              12.972674
            ]
          ]
        ]
      },
      "id": "way/328748191"
    },
    {
      "type": "Feature",
      "properties": {
        "@id": "way/328748193",
        "building": "yes"
      },
      "geometry": {
        "type": "Polygon",
        "coordinates": [
          [
            [
              77.6029184,
              12.9723688
            ],
            [
              77.6028857,
              12.972154
            ],
            [
              77.6030936,
              12.972124
            ],
            [
              77.6031263,
              12.9723388
            ],
            [
              77.6029184,
              12.9723688
            ]
          ]
        ]
      },
      "id": "way/328748193"
    },
    {
      "type": "Feature",
      "properties": {
        "@id": "way/328748202",
        "building": "school"
      },
      "geometry": {
        "type": "Polygon",
        "coordinates": [
          [
            [
              77.6033421,
              12.9718921
            ],
            [
              77.6034537,
              12.9718751
            ],
            [
              77.603479,
              12.972033
            ],
            [
              77.6033568,
              12.9720516
            ],
            [
              77.6033927,
              12.9722749
            ],
            [
              77.6032844,
              12.9722914
            ],
            [
              77.6031663,
              12.9715549
            ],
            [
              77.6032851,
              12.9715369
            ],
            [
              77.6033421,
              12.9718921
            ]
          ]
        ]
      },
      "id": "way/328748202"
    },
    {
      "type": "Feature",
      "properties": {
        "@id": "way/328994150",
        "building": "commercial",
        "building:levels": "3"
      },
      "geometry": {
        "type": "Polygon",
        "coordinates": [
          [
            [
              77.6001752,
              12.9729712
            ],
            [
              77.6001495,
              12.9726529
            ],
            [
              77.6005388,
              12.9726231
            ],
            [
              77.6005645,
              12.9729414
            ],
            [
              77.6001752,
              12.9729712
            ]
          ]
        ]
      },
      "id": "way/328994150"
    },
    {
      "type": "Feature",
      "properties": {
        "@id": "way/330238680",
        "building": "commercial",
        "building:levels": "8"
      },
      "geometry": {
        "type": "Polygon",
        "coordinates": [
          [
            [
              77.6015793,
              12.9744069
            ],
            [
              77.6015669,
              12.9742407
            ],
            [
              77.6019661,
              12.9742124
            ],
            [
              77.6019785,
              12.9743785
            ],
            [
              77.6015793,
              12.9744069
            ]
          ]
        ]
      },
      "id": "way/330238680"
    },
    {
      "type": "Feature",
      "properties": {
        "@id": "way/330238683",
        "building": "house",
        "building:levels": "2"
      },
      "geometry": {
        "type": "Polygon",
        "coordinates": [
          [
            [
              77.6026369,
              12.9740245
            ],
            [
              77.6026512,
              12.9739565
            ],
            [
              77.6026006,
              12.9739464
            ],
            [
              77.6026147,
              12.9738793
            ],
            [
              77.6028123,
              12.9739188
            ],
            [
              77.6027838,
              12.9740538
            ],
            [
              77.6026369,
              12.9740245
            ]
          ]
        ]
      },
      "id": "way/330238683"
    },
    {
      "type": "Feature",
      "properties": {
        "@id": "way/331183993",
        "addr:city": "Bangalore",
        "addr:housenumber": "30/1",
        "addr:postcode": "560001",
        "addr:street": "Vittal Mallaya Road",
        "addr:suburb": "Shanthala Nagar",
        "building": "Evershine"
      },
      "geometry": {
        "type": "Polygon",
        "coordinates": [
          [
            [
              77.5970319,
              12.9715867
            ],
            [
              77.5972393,
              12.9715594
            ],
            [
              77.597254,
              12.9716654
            ],
            [
              77.5970466,
              12.9716928
            ],
            [
              77.5970319,
              12.9715867
            ]
          ]
        ]
      },
      "id": "way/331183993"
    },
    {
      "type": "Feature",
      "properties": {
        "@id": "way/331184003",
        "building": "yes"
      },
      "geometry": {
        "type": "Polygon",
        "coordinates": [
          [
            [
              77.5974794,
              12.972647
            ],
            [
              77.5975655,
              12.9726426
            ],
            [
              77.5975675,
              12.9726799
            ],
            [
              77.5975875,
              12.9726789
            ],
            [
              77.597588,
              12.9726887
            ],
            [
              77.5976318,
              12.9726865
            ],
            [
              77.5976388,
              12.9728152
            ],
            [
              77.5975424,
              12.9728201
            ],
            [
              77.5975415,
              12.9728028
            ],
            [
              77.5974951,
              12.9728052
            ],
            [
              77.5974905,
              12.9727182
            ],
            [
              77.5974832,
              12.9727186
            ],
            [
              77.5974794,
              12.972647
            ]
          ]
        ]
      },
      "id": "way/331184003"
    },
    {
      "type": "Feature",
      "properties": {
        "@id": "way/331184005",
        "addr:city": "Bengaluru",
        "addr:housenumber": "30",
        "addr:postcode": "560001",
        "addr:street": "Walton Road",
        "building": "house"
      },
      "geometry": {
        "type": "Polygon",
        "coordinates": [
          [
            [
              77.5974921,
              12.9716592
            ],
            [
              77.5974817,
              12.9715636
            ],
            [
              77.5976474,
              12.9715465
            ],
            [
              77.5976578,
              12.9716421
            ],
            [
              77.5974921,
              12.9716592
            ]
          ]
        ]
      },
      "id": "way/331184005"
    },
    {
      "type": "Feature",
      "properties": {
        "@id": "way/331184018",
        "addr:city": "Bangalore",
        "addr:housenumber": "31",
        "addr:postcode": "560001",
        "addr:street": "Vittal Mallaya Road",
        "addr:suburb": "Shanthala Nagar",
        "building": "house"
      },
      "geometry": {
        "type": "Polygon",
        "coordinates": [
          [
            [
              77.5972511,
              12.9716825
            ],
            [
              77.5972717,
              12.9718397
            ],
            [
              77.5969918,
              12.9718746
            ],
            [
              77.5969712,
              12.9717174
            ],
            [
              77.5972511,
              12.9716825
            ]
          ]
        ]
      },
      "id": "way/331184018"
    },
    {
      "type": "Feature",
      "properties": {
        "@id": "way/331184023",
        "building": "house"
      },
      "geometry": {
        "type": "Polygon",
        "coordinates": [
          [
            [
              77.597457,
              12.9715647
            ],
            [
              77.5974719,
              12.9716776
            ],
            [
              77.597373,
              12.9716899
            ],
            [
              77.5973581,
              12.971577
            ],
            [
              77.597457,
              12.9715647
            ]
          ]
        ]
      },
      "id": "way/331184023"
    },
    {
      "type": "Feature",
      "properties": {
        "@id": "way/331184031",
        "building": "yes"
      },
      "geometry": {
        "type": "Polygon",
        "coordinates": [
          [
            [
              77.5975306,
              12.9729203
            ],
            [
              77.5976412,
              12.9729092
            ],
            [
              77.597635,
              12.972851
            ],
            [
              77.5976892,
              12.9728455
            ],
            [
              77.5976973,
              12.9729218
            ],
            [
              77.5977392,
              12.972955
            ],
            [
              77.5977417,
              12.9729792
            ],
            [
              77.5977262,
              12.9729807
            ],
            [
              77.5977323,
              12.9730384
            ],
            [
              77.5977479,
              12.9730368
            ],
            [
              77.5977548,
              12.9731025
            ],
            [
              77.597552,
              12.9731229
            ],
            [
              77.5975306,
              12.9729203
            ]
          ]
        ]
      },
      "id": "way/331184031"
    },
    {
      "type": "Feature",
      "properties": {
        "@id": "way/331184045",
        "addr:housenumber": "41,42",
        "addr:street": "Kasturba Cross Road",
        "building": "apartments",
        "building:levels": "5",
        "name": "Sunset Boulevard"
      },
      "geometry": {
        "type": "Polygon",
        "coordinates": [
          [
            [
              77.5977326,
              12.973381
            ],
            [
              77.5977413,
              12.9731975
            ],
            [
              77.597867,
              12.9732031
            ],
            [
              77.5978662,
              12.97322
            ],
            [
              77.5979115,
              12.973222
            ],
            [
              77.5979123,
              12.9732051
            ],
            [
              77.5979308,
              12.973206
            ],
            [
              77.5979207,
              12.9734195
            ],
            [
              77.5978242,
              12.9734152
            ],
            [
              77.5978256,
              12.9733851
            ],
            [
              77.5977326,
              12.973381
            ]
          ]
        ]
      },
      "id": "way/331184045"
    },
    {
      "type": "Feature",
      "properties": {
        "@id": "way/331184049",
        "building": "yes"
      },
      "geometry": {
        "type": "Polygon",
        "coordinates": [
          [
            [
              77.5977277,
              12.9731769
            ],
            [
              77.5977189,
              12.9731116
            ],
            [
              77.5978111,
              12.9730998
            ],
            [
              77.5978199,
              12.973165
            ],
            [
              77.5977277,
              12.9731769
            ]
          ]
        ]
      },
      "id": "way/331184049"
    },
    {
      "type": "Feature",
      "properties": {
        "@id": "way/331184050",
        "addr:city": "Bangalore",
        "addr:housename": "Bhaskaran",
        "addr:housenumber": "9/1",
        "addr:postcode": "560001",
        "addr:street": "Walton Road",
        "building": "apartments",
        "name": "Sundance Serviced Apartments",
        "phone": "+91 80 4090 3718",
        "tourism": "apartment",
        "website": "http://www.sundancebangalore.com"
      },
      "geometry": {
        "type": "Polygon",
        "coordinates": [
          [
            [
              77.5974072,
              12.9720924
            ],
            [
              77.5976564,
              12.9720609
            ],
            [
              77.5976635,
              12.9721142
            ],
            [
              77.5974143,
              12.9721457
            ],
            [
              77.5974072,
              12.9720924
            ]
          ]
        ]
      },
      "id": "way/331184050"
    },
    {
      "type": "Feature",
      "properties": {
        "@id": "way/331184343",
        "building": "apartments",
        "building:levels": "33",
        "height": "122",
        "name": "Tower B",
        "wikimedia_commons": "File:Kingfisher Towers Bangalore.jpg"
      },
      "geometry": {
        "type": "Polygon",
        "coordinates": [
          [
            [
              77.5969581,
              12.9732932
            ],
            [
              77.5969075,
              12.9731568
            ],
            [
              77.5970127,
              12.9731198
            ],
            [
              77.5969929,
              12.9730662
            ],
            [
              77.5971164,
              12.9730227
            ],
            [
              77.5971368,
              12.9730777
            ],
            [
              77.5972401,
              12.9730414
            ],
            [
              77.5972902,
              12.9731764
            ],
            [
              77.5969581,
              12.9732932
            ]
          ]
        ]
      },
      "id": "way/331184343"
    },
    {
      "type": "Feature",
      "properties": {
        "@id": "way/331544185",
        "building": "yes"
      },
      "geometry": {
        "type": "Polygon",
        "coordinates": [
          [
            [
              77.6002392,
              12.9815225
            ],
            [
              77.6001317,
              12.9815606
            ],
            [
              77.6000494,
              12.9813399
            ],
            [
              77.6001569,
              12.9813019
            ],
            [
              77.6002392,
              12.9815225
            ]
          ]
        ]
      },
      "id": "way/331544185"
    },
    {
      "type": "Feature",
      "properties": {
        "@id": "way/331544187",
        "building": "yes"
      },
      "geometry": {
        "type": "Polygon",
        "coordinates": [
          [
            [
              77.5992397,
              12.9807789
            ],
            [
              77.5990578,
              12.9808316
            ],
            [
              77.5990257,
              12.9807262
            ],
            [
              77.5992014,
              12.9806753
            ],
            [
              77.5995665,
              12.9805687
            ],
            [
              77.5995446,
              12.9804976
            ],
            [
              77.599673,
              12.9804601
            ],
            [
              77.5997604,
              12.980744
            ],
            [
              77.5996218,
              12.9807845
            ],
            [
              77.5995887,
              12.980677
            ],
            [
              77.5992397,
              12.9807789
            ]
          ]
        ]
      },
      "id": "way/331544187"
    },
    {
      "type": "Feature",
      "properties": {
        "@id": "way/331544189",
        "building": "yes"
      },
      "geometry": {
        "type": "Polygon",
        "coordinates": [
          [
            [
              77.6006897,
              12.9814088
            ],
            [
              77.600564,
              12.9809722
            ],
            [
              77.6006417,
              12.980951
            ],
            [
              77.6007674,
              12.9813875
            ],
            [
              77.6006897,
              12.9814088
            ]
          ]
        ]
      },
      "id": "way/331544189"
    },
    {
      "type": "Feature",
      "properties": {
        "@id": "way/331544192",
        "building": "yes"
      },
      "geometry": {
        "type": "Polygon",
        "coordinates": [
          [
            [
              77.5991458,
              12.9815912
            ],
            [
              77.5990739,
              12.9816108
            ],
            [
              77.5990462,
              12.9815142
            ],
            [
              77.5991086,
              12.9814972
            ],
            [
              77.5990822,
              12.981405
            ],
            [
              77.599275,
              12.9813526
            ],
            [
              77.5993289,
              12.9815415
            ],
            [
              77.5991458,
              12.9815912
            ]
          ]
        ]
      },
      "id": "way/331544192"
    },
    {
      "type": "Feature",
      "properties": {
        "@id": "way/331544195",
        "building": "yes",
        "building:part": "yes",
        "height": "10",
        "roof:colour": "red"
      },
      "geometry": {
        "type": "Polygon",
        "coordinates": [
          [
            [
              77.5988619,
              12.9812219
            ],
            [
              77.5987954,
              12.9810388
            ],
            [
              77.5991091,
              12.9809305
            ],
            [
              77.5991762,
              12.9811149
            ],
            [
              77.5990745,
              12.9811499
            ],
            [
              77.5990593,
              12.981108
            ],
            [
              77.5989602,
              12.9811422
            ],
            [
              77.5989751,
              12.9811829
            ],
            [
              77.5988619,
              12.9812219
            ]
          ]
        ]
      },
      "id": "way/331544195"
    },
    {
      "type": "Feature",
      "properties": {
        "@id": "way/331544197",
        "building": "yes"
      },
      "geometry": {
        "type": "Polygon",
        "coordinates": [
          [
            [
              77.6003752,
              12.9812305
            ],
            [
              77.6003237,
              12.9810862
            ],
            [
              77.6005361,
              12.9810143
            ],
            [
              77.6005876,
              12.9811585
            ],
            [
              77.6003752,
              12.9812305
            ]
          ]
        ]
      },
      "id": "way/331544197"
    },
    {
      "type": "Feature",
      "properties": {
        "@id": "way/331544198",
        "building": "yes"
      },
      "geometry": {
        "type": "Polygon",
        "coordinates": [
          [
            [
              77.601113,
              12.981246
            ],
            [
              77.6010684,
              12.9811112
            ],
            [
              77.6011996,
              12.98107
            ],
            [
              77.6012442,
              12.9812048
            ],
            [
              77.601113,
              12.981246
            ]
          ]
        ]
      },
      "id": "way/331544198"
    },
    {
      "type": "Feature",
      "properties": {
        "@id": "way/331544199",
        "building": "yes"
      },
      "geometry": {
        "type": "Polygon",
        "coordinates": [
          [
            [
              77.6002831,
              12.981515
            ],
            [
              77.6002085,
              12.9812832
            ],
            [
              77.6000685,
              12.9812617
            ],
            [
              77.6000436,
              12.9811727
            ],
            [
              77.600243,
              12.9811151
            ],
            [
              77.6003576,
              12.981496
            ],
            [
              77.6002831,
              12.981515
            ]
          ]
        ]
      },
      "id": "way/331544199"
    },
    {
      "type": "Feature",
      "properties": {
        "@id": "way/331544200",
        "building": "yes"
      },
      "geometry": {
        "type": "Polygon",
        "coordinates": [
          [
            [
              77.601149,
              12.9810093
            ],
            [
              77.6009946,
              12.9810601
            ],
            [
              77.6009759,
              12.9810061
            ],
            [
              77.6011303,
              12.9809553
            ],
            [
              77.601149,
              12.9810093
            ]
          ]
        ]
      },
      "id": "way/331544200"
    },
    {
      "type": "Feature",
      "properties": {
        "@id": "way/331544201",
        "building": "yes",
        "name": "CSI Women's House, Vishranthi Nilaya"
      },
      "geometry": {
        "type": "Polygon",
        "coordinates": [
          [
            [
              77.5990227,
              12.9815962
            ],
            [
              77.5988585,
              12.9816435
            ],
            [
              77.5988105,
              12.9814849
            ],
            [
              77.5989747,
              12.9814377
            ],
            [
              77.5990227,
              12.9815962
            ]
          ]
        ]
      },
      "id": "way/331544201"
    },
    {
      "type": "Feature",
      "properties": {
        "@id": "way/331544203",
        "building": "yes"
      },
      "geometry": {
        "type": "Polygon",
        "coordinates": [
          [
            [
              77.598527,
              12.9807424
            ],
            [
              77.5989225,
              12.9806002
            ],
            [
              77.5989521,
              12.9806784
            ],
            [
              77.5985566,
              12.9808206
            ],
            [
              77.598527,
              12.9807424
            ]
          ]
        ]
      },
      "id": "way/331544203"
    },
    {
      "type": "Feature",
      "properties": {
        "@id": "way/331544204",
        "building": "yes"
      },
      "geometry": {
        "type": "Polygon",
        "coordinates": [
          [
            [
              77.5994988,
              12.9817442
            ],
            [
              77.5994501,
              12.9815944
            ],
            [
              77.5996102,
              12.9815451
            ],
            [
              77.5996588,
              12.9816949
            ],
            [
              77.5994988,
              12.9817442
            ]
          ]
        ]
      },
      "id": "way/331544204"
    },
    {
      "type": "Feature",
      "properties": {
        "@id": "way/331544205",
        "building": "yes"
      },
      "geometry": {
        "type": "Polygon",
        "coordinates": [
          [
            [
              77.5998738,
              12.9816602
            ],
            [
              77.5997811,
              12.9814063
            ],
            [
              77.5999908,
              12.9813336
            ],
            [
              77.6000835,
              12.9815876
            ],
            [
              77.5998738,
              12.9816602
            ]
          ]
        ]
      },
      "id": "way/331544205"
    },
    {
      "type": "Feature",
      "properties": {
        "@id": "way/332394765",
        "addr:city": "Bangalore",
        "addr:street": "Lavelle Road",
        "amenity": "restaurant",
        "building": "yes",
        "cuisine": "international",
        "name": "Sunnys",
        "name:kn": "ಸನ್ನಿ‌ಸ್"
      },
      "geometry": {
        "type": "Polygon",
        "coordinates": [
          [
            [
              77.5985211,
              12.9719481
            ],
            [
              77.5984658,
              12.9718385
            ],
            [
              77.5985903,
              12.9717789
            ],
            [
              77.5986456,
              12.9718885
            ],
            [
              77.5985211,
              12.9719481
            ]
          ]
        ]
      },
      "id": "way/332394765"
    },
    {
      "type": "Feature",
      "properties": {
        "@id": "way/332394766",
        "building": "house",
        "building:levels": "2"
      },
      "geometry": {
        "type": "Polygon",
        "coordinates": [
          [
            [
              77.599264,
              12.9726204
            ],
            [
              77.5990879,
              12.9726478
            ],
            [
              77.5989667,
              12.9725309
            ],
            [
              77.5992499,
              12.9724989
            ],
            [
              77.599264,
              12.9726204
            ]
          ]
        ]
      },
      "id": "way/332394766"
    },
    {
      "type": "Feature",
      "properties": {
        "@id": "way/332394767",
        "building": "yes"
      },
      "geometry": {
        "type": "Polygon",
        "coordinates": [
          [
            [
              77.6006446,
              12.9720596
            ],
            [
              77.6005239,
              12.972062
            ],
            [
              77.6003831,
              12.9720647
            ],
            [
              77.6003777,
              12.9718049
            ],
            [
              77.6006392,
              12.9717998
            ],
            [
              77.6006419,
              12.9719298
            ],
            [
              77.6006446,
              12.9720596
            ]
          ]
        ]
      },
      "id": "way/332394767"
    },
    {
      "type": "Feature",
      "properties": {
        "@id": "way/332394770",
        "addr:city": "Bengaluru",
        "addr:hamlet": "D'Souza Layout",
        "addr:housename": "Nitesh Buckingham Gate",
        "addr:housenumber": "33",
        "addr:postcode": "560001",
        "addr:street": "Lavelle Road",
        "addr:suburb": "Shanthala Nagar",
        "building": "apartments",
        "building:levels": "4",
        "name": "Nitesh Buckingham Gate"
      },
      "geometry": {
        "type": "Polygon",
        "coordinates": [
          [
            [
              77.5987389,
              12.9716641
            ],
            [
              77.5987232,
              12.9714067
            ],
            [
              77.5989252,
              12.9713951
            ],
            [
              77.5989287,
              12.9714542
            ],
            [
              77.5990592,
              12.9714467
            ],
            [
              77.5990621,
              12.9714935
            ],
            [
              77.5993222,
              12.9714786
            ],
            [
              77.5993314,
              12.9716299
            ],
            [
              77.5987389,
              12.9716641
            ]
          ]
        ]
      },
      "id": "way/332394770"
    },
    {
      "type": "Feature",
      "properties": {
        "@id": "way/332394771",
        "addr:housenumber": "46",
        "building": "yes",
        "building:levels": "5"
      },
      "geometry": {
        "type": "Polygon",
        "coordinates": [
          [
            [
              77.5995769,
              12.9716231
            ],
            [
              77.5993867,
              12.9716648
            ],
            [
              77.5993219,
              12.9713841
            ],
            [
              77.5995121,
              12.9713424
            ],
            [
              77.5995769,
              12.9716231
            ]
          ]
        ]
      },
      "id": "way/332394771"
    },
    {
      "type": "Feature",
      "properties": {
        "@id": "way/332394772",
        "building": "commercial",
        "building:levels": "5",
        "name": "Crown Point"
      },
      "geometry": {
        "type": "Polygon",
        "coordinates": [
          [
            [
              77.5990566,
              12.9734931
            ],
            [
              77.5990691,
              12.9733441
            ],
            [
              77.5992491,
              12.9733585
            ],
            [
              77.5992366,
              12.9735075
            ],
            [
              77.5990566,
              12.9734931
            ]
          ]
        ]
      },
      "id": "way/332394772"
    },
    {
      "type": "Feature",
      "properties": {
        "@id": "way/332394773",
        "building": "yes"
      },
      "geometry": {
        "type": "Polygon",
        "coordinates": [
          [
            [
              77.5983546,
              12.9730616
            ],
            [
              77.5982634,
              12.9730799
            ],
            [
              77.5982446,
              12.9728761
            ],
            [
              77.5983009,
              12.9728238
            ],
            [
              77.5984833,
              12.9728055
            ],
            [
              77.5984887,
              12.9728944
            ],
            [
              77.5983626,
              12.9729388
            ],
            [
              77.5983546,
              12.9730616
            ]
          ]
        ]
      },
      "id": "way/332394773"
    },
    {
      "type": "Feature",
      "properties": {
        "@id": "way/332394774",
        "addr:housename": "44",
        "addr:housenumber": "44",
        "addr:street": "6th Cross Road",
        "building": "apartments",
        "building:levels": "3",
        "name": "MacIver Place"
      },
      "geometry": {
        "type": "Polygon",
        "coordinates": [
          [
            [
              77.599709,
              12.9721494
            ],
            [
              77.5996756,
              12.9720052
            ],
            [
              77.5999038,
              12.9719551
            ],
            [
              77.5999371,
              12.9720993
            ],
            [
              77.599709,
              12.9721494
            ]
          ]
        ]
      },
      "id": "way/332394774"
    },
    {
      "type": "Feature",
      "properties": {
        "@id": "way/332394776",
        "addr:housenumber": "47/4",
        "addr:street": "6th Cross Road",
        "building": "house"
      },
      "geometry": {
        "type": "Polygon",
        "coordinates": [
          [
            [
              77.5994141,
              12.9718147
            ],
            [
              77.5993931,
              12.9718182
            ],
            [
              77.5993824,
              12.9717567
            ],
            [
              77.599545,
              12.9717299
            ],
            [
              77.5995845,
              12.9719581
            ],
            [
              77.599443,
              12.9719813
            ],
            [
              77.5994141,
              12.9718147
            ]
          ]
        ]
      },
      "id": "way/332394776"
    },
    {
      "type": "Feature",
      "properties": {
        "@id": "way/332394779",
        "building": "house"
      },
      "geometry": {
        "type": "Polygon",
        "coordinates": [
          [
            [
              77.5987534,
              12.9734765
            ],
            [
              77.5986164,
              12.9734646
            ],
            [
              77.5986314,
              12.9733008
            ],
            [
              77.5987684,
              12.9733128
            ],
            [
              77.5987534,
              12.9734765
            ]
          ]
        ]
      },
      "id": "way/332394779"
    },
    {
      "type": "Feature",
      "properties": {
        "@id": "way/332394781",
        "building": "commercial",
        "building:levels": "3",
        "name": "Vasavi Complex",
        "name:kn": "ವಾಸವಿ"
      },
      "geometry": {
        "type": "Polygon",
        "coordinates": [
          [
            [
              77.6007639,
              12.9719667
            ],
            [
              77.6007193,
              12.9717339
            ],
            [
              77.6006897,
              12.9717393
            ],
            [
              77.6006734,
              12.9716538
            ],
            [
              77.6009058,
              12.9716115
            ],
            [
              77.6009667,
              12.9719299
            ],
            [
              77.6007639,
              12.9719667
            ]
          ]
        ]
      },
      "id": "way/332394781"
    },
    {
      "type": "Feature",
      "properties": {
        "@id": "way/332394782",
        "building": "yes"
      },
      "geometry": {
        "type": "Polygon",
        "coordinates": [
          [
            [
              77.5978551,
              12.9726243
            ],
            [
              77.5977977,
              12.9726301
            ],
            [
              77.5977842,
              12.9725038
            ],
            [
              77.5980153,
              12.9724804
            ],
            [
              77.5980288,
              12.9726067
            ],
            [
              77.5979094,
              12.9726188
            ],
            [
              77.5979047,
              12.9725753
            ],
            [
              77.5978505,
              12.9725808
            ],
            [
              77.5978551,
              12.9726243
            ]
          ]
        ]
      },
      "id": "way/332394782"
    },
    {
      "type": "Feature",
      "properties": {
        "@id": "way/332394784",
        "building": "commercial",
        "building:levels": "2",
        "name": "White House"
      },
      "geometry": {
        "type": "Polygon",
        "coordinates": [
          [
            [
              77.6007858,
              12.9720134
            ],
            [
              77.6009648,
              12.9719907
            ],
            [
              77.6009955,
              12.9722201
            ],
            [
              77.6008164,
              12.9722428
            ],
            [
              77.6007858,
              12.9720134
            ]
          ]
        ]
      },
      "id": "way/332394784"
    },
    {
      "type": "Feature",
      "properties": {
        "@id": "way/332394787",
        "building": "yes"
      },
      "geometry": {
        "type": "Polygon",
        "coordinates": [
          [
            [
              77.5995843,
              12.9716861
            ],
            [
              77.5998387,
              12.9716331
            ],
            [
              77.5998635,
              12.9717464
            ],
            [
              77.5996091,
              12.9717994
            ],
            [
              77.5995843,
              12.9716861
            ]
          ]
        ]
      },
      "id": "way/332394787"
    },
    {
      "type": "Feature",
      "properties": {
        "@id": "way/332394788",
        "building": "yes"
      },
      "geometry": {
        "type": "Polygon",
        "coordinates": [
          [
            [
              77.6000829,
              12.9722679
            ],
            [
              77.6000766,
              12.9722358
            ],
            [
              77.6000133,
              12.9722475
            ],
            [
              77.6000022,
              12.9721908
            ],
            [
              77.6000623,
              12.9721797
            ],
            [
              77.6000495,
              12.9721139
            ],
            [
              77.6001701,
              12.9720917
            ],
            [
              77.6001898,
              12.9721932
            ],
            [
              77.6002234,
              12.972187
            ],
            [
              77.6002337,
              12.97224
            ],
            [
              77.6000829,
              12.9722679
            ]
          ]
        ]
      },
      "id": "way/332394788"
    },
    {
      "type": "Feature",
      "properties": {
        "@id": "way/332394789",
        "building": "office",
        "building:levels": "4"
      },
      "geometry": {
        "type": "Polygon",
        "coordinates": [
          [
            [
              77.5986814,
              12.9724445
            ],
            [
              77.5987238,
              12.9724679
            ],
            [
              77.5987496,
              12.9724873
            ],
            [
              77.5987651,
              12.9725043
            ],
            [
              77.5987777,
              12.9725235
            ],
            [
              77.598781,
              12.9725521
            ],
            [
              77.5987981,
              12.9725502
            ],
            [
              77.5988074,
              12.972631
            ],
            [
              77.5988185,
              12.9726297
            ],
            [
              77.5988245,
              12.9726817
            ],
            [
              77.5985457,
              12.9727124
            ],
            [
              77.5985135,
              12.9724354
            ],
            [
              77.5985499,
              12.9724314
            ],
            [
              77.598553,
              12.9724587
            ],
            [
              77.5986814,
              12.9724445
            ]
          ]
        ]
      },
      "id": "way/332394789"
    },
    {
      "type": "Feature",
      "properties": {
        "@id": "way/332394790",
        "building": "office",
        "building:levels": "5",
        "name": "Frontline Grandeur"
      },
      "geometry": {
        "type": "Polygon",
        "coordinates": [
          [
            [
              77.5981911,
              12.972491
            ],
            [
              77.5984115,
              12.9724614
            ],
            [
              77.5984504,
              12.9727358
            ],
            [
              77.5982299,
              12.9727655
            ],
            [
              77.5981911,
              12.972491
            ]
          ]
        ]
      },
      "id": "way/332394790"
    },
    {
      "type": "Feature",
      "properties": {
        "@id": "way/332394791",
        "building": "yes"
      },
      "geometry": {
        "type": "Polygon",
        "coordinates": [
          [
            [
              77.5985011,
              12.9728949
            ],
            [
              77.5984911,
              12.9728079
            ],
            [
              77.5986646,
              12.9727889
            ],
            [
              77.5986746,
              12.9728759
            ],
            [
              77.5985011,
              12.9728949
            ]
          ]
        ]
      },
      "id": "way/332394791"
    },
    {
      "type": "Feature",
      "properties": {
        "@id": "way/332394792",
        "building": "yes"
      },
      "geometry": {
        "type": "Polygon",
        "coordinates": [
          [
            [
              77.5988735,
              12.9718506
            ],
            [
              77.598866,
              12.9716994
            ],
            [
              77.5990641,
              12.97169
            ],
            [
              77.5990716,
              12.9718413
            ],
            [
              77.5988735,
              12.9718506
            ]
          ]
        ]
      },
      "id": "way/332394792"
    },
    {
      "type": "Feature",
      "properties": {
        "@id": "way/332394797",
        "building": "apartments"
      },
      "geometry": {
        "type": "Polygon",
        "coordinates": [
          [
            [
              77.5992802,
              12.9724534
            ],
            [
              77.5992742,
              12.972305
            ],
            [
              77.5994114,
              12.9722997
            ],
            [
              77.5994174,
              12.9724481
            ],
            [
              77.5992802,
              12.9724534
            ]
          ]
        ]
      },
      "id": "way/332394797"
    },
    {
      "type": "Feature",
      "properties": {
        "@id": "way/332394798",
        "addr:housenumber": "48",
        "addr:street": "Lavelle Road",
        "building": "commercial",
        "building:levels": "2",
        "name": "Hitananda Building 1"
      },
      "geometry": {
        "type": "Polygon",
        "coordinates": [
          [
            [
              77.5991377,
              12.9732707
            ],
            [
              77.5990144,
              12.97329
            ],
            [
              77.5989749,
              12.9730514
            ],
            [
              77.5990348,
              12.973042
            ],
            [
              77.5990851,
              12.9730341
            ],
            [
              77.5990982,
              12.973032
            ],
            [
              77.5991377,
              12.9732707
            ]
          ]
        ]
      },
      "id": "way/332394798"
    },
    {
      "type": "Feature",
      "properties": {
        "@id": "way/332394800",
        "building": "commercial"
      },
      "geometry": {
        "type": "Polygon",
        "coordinates": [
          [
            [
              77.5986039,
              12.9713843
            ],
            [
              77.5986824,
              12.9714695
            ],
            [
              77.5983756,
              12.971738
            ],
            [
              77.5982971,
              12.9716528
            ],
            [
              77.5986039,
              12.9713843
            ]
          ]
        ]
      },
      "id": "way/332394800"
    },
    {
      "type": "Feature",
      "properties": {
        "@id": "way/332394804",
        "building": "apartments",
        "name": "Prestige Palm Springs"
      },
      "geometry": {
        "type": "Polygon",
        "coordinates": [
          [
            [
              77.6001434,
              12.9726042
            ],
            [
              77.600129,
              12.9724288
            ],
            [
              77.6005089,
              12.9723991
            ],
            [
              77.6005233,
              12.9725746
            ],
            [
              77.6001434,
              12.9726042
            ]
          ]
        ]
      },
      "id": "way/332394804"
    },
    {
      "type": "Feature",
      "properties": {
        "@id": "way/332394805",
        "addr:housename": "Prestige Ashcroft",
        "addr:housenumber": "47/11",
        "building": "apartments",
        "building:levels": "4",
        "name": "Prestige Ashcroft"
      },
      "geometry": {
        "type": "Polygon",
        "coordinates": [
          [
            [
              77.5992864,
              12.9720633
            ],
            [
              77.5993097,
              12.9720598
            ],
            [
              77.5992922,
              12.9719514
            ],
            [
              77.5994157,
              12.9719324
            ],
            [
              77.5994383,
              12.9720724
            ],
            [
              77.5995774,
              12.972051
            ],
            [
              77.599601,
              12.9721966
            ],
            [
              77.5994139,
              12.9722253
            ],
            [
              77.5994081,
              12.9721894
            ],
            [
              77.5993282,
              12.9722017
            ],
            [
              77.5993241,
              12.9721764
            ],
            [
              77.5993052,
              12.9721793
            ],
            [
              77.5992864,
              12.9720633
            ]
          ]
        ]
      },
      "id": "way/332394805"
    },
    {
      "type": "Feature",
      "properties": {
        "@id": "way/332394806",
        "building": "commercial",
        "building:levels": "6",
        "name": "Hitananda Building 2"
      },
      "geometry": {
        "type": "Polygon",
        "coordinates": [
          [
            [
              77.5988016,
              12.9730346
            ],
            [
              77.5987821,
              12.9729238
            ],
            [
              77.5990585,
              12.9728805
            ],
            [
              77.5990781,
              12.9729912
            ],
            [
              77.5990281,
              12.972999
            ],
            [
              77.5988016,
              12.9730346
            ]
          ]
        ]
      },
      "id": "way/332394806"
    },
    {
      "type": "Feature",
      "properties": {
        "@id": "way/332394807",
        "building": "commercial",
        "building:levels": "4",
        "heritage": "2",
        "heritage:operator": "nmma",
        "heritage:website": "https://nmma.nic.in/nmma/exploreBuiltState.do?state=29",
        "name": "House of Lords",
        "old_name": "Golden Threshold",
        "ref:nmma": "KR20011045"
      },
      "geometry": {
        "type": "Polygon",
        "coordinates": [
          [
            [
              77.6004374,
              12.9716553
            ],
            [
              77.6003994,
              12.971491
            ],
            [
              77.6008393,
              12.9713943
            ],
            [
              77.6008773,
              12.9715586
            ],
            [
              77.6004374,
              12.9716553
            ]
          ]
        ]
      },
      "id": "way/332394807"
    },
    {
      "type": "Feature",
      "properties": {
        "@id": "way/332394808",
        "building": "yes"
      },
      "geometry": {
        "type": "Polygon",
        "coordinates": [
          [
            [
              77.5986558,
              12.9732518
            ],
            [
              77.5986663,
              12.9731487
            ],
            [
              77.5988019,
              12.9731619
            ],
            [
              77.5987913,
              12.973265
            ],
            [
              77.5986558,
              12.9732518
            ]
          ]
        ]
      },
      "id": "way/332394808"
    },
    {
      "type": "Feature",
      "properties": {
        "@id": "way/332394810",
        "building": "house"
      },
      "geometry": {
        "type": "Polygon",
        "coordinates": [
          [
            [
              77.5983182,
              12.9734284
            ],
            [
              77.5983277,
              12.9732671
            ],
            [
              77.5984787,
              12.9732756
            ],
            [
              77.5984713,
              12.9734001
            ],
            [
              77.5984174,
              12.9733971
            ],
            [
              77.5984152,
              12.9734338
            ],
            [
              77.5983182,
              12.9734284
            ]
          ]
        ]
      },
      "id": "way/332394810"
    },
    {
      "type": "Feature",
      "properties": {
        "@id": "way/332394812",
        "building": "yes"
      },
      "geometry": {
        "type": "Polygon",
        "coordinates": [
          [
            [
              77.5996822,
              12.9719864
            ],
            [
              77.5996537,
              12.9718599
            ],
            [
              77.5998779,
              12.9718119
            ],
            [
              77.5999065,
              12.9719385
            ],
            [
              77.5996822,
              12.9719864
            ]
          ]
        ]
      },
      "id": "way/332394812"
    },
    {
      "type": "Feature",
      "properties": {
        "@id": "way/332394813",
        "building": "yes"
      },
      "geometry": {
        "type": "Polygon",
        "coordinates": [
          [
            [
              77.5999927,
              12.9720188
            ],
            [
              77.5999248,
              12.9715907
            ],
            [
              77.6000593,
              12.9715704
            ],
            [
              77.6000706,
              12.9716414
            ],
            [
              77.6000219,
              12.9716488
            ],
            [
              77.6000633,
              12.9719095
            ],
            [
              77.6001401,
              12.9718979
            ],
            [
              77.6001554,
              12.9719943
            ],
            [
              77.5999927,
              12.9720188
            ]
          ]
        ]
      },
      "id": "way/332394813"
    },
    {
      "type": "Feature",
      "properties": {
        "@id": "way/332394815",
        "building": "yes"
      },
      "geometry": {
        "type": "Polygon",
        "coordinates": [
          [
            [
              77.597802,
              12.9728981
            ],
            [
              77.5977961,
              12.9728336
            ],
            [
              77.5978321,
              12.9728305
            ],
            [
              77.5978163,
              12.9726566
            ],
            [
              77.5980634,
              12.9726353
            ],
            [
              77.5980765,
              12.9727796
            ],
            [
              77.5980105,
              12.9727853
            ],
            [
              77.5980174,
              12.9728619
            ],
            [
              77.597888,
              12.9728731
            ],
            [
              77.5978896,
              12.9728905
            ],
            [
              77.597802,
              12.9728981
            ]
          ]
        ]
      },
      "id": "way/332394815"
    },
    {
      "type": "Feature",
      "properties": {
        "@id": "way/345935893",
        "building": "apartments",
        "building:levels": "14"
      },
      "geometry": {
        "type": "Polygon",
        "coordinates": [
          [
            [
              77.5983353,
              12.9817755
            ],
            [
              77.5982451,
              12.9814813
            ],
            [
              77.5983956,
              12.9814374
            ],
            [
              77.5984858,
              12.9817317
            ],
            [
              77.5983353,
              12.9817755
            ]
          ]
        ]
      },
      "id": "way/345935893"
    },
    {
      "type": "Feature",
      "properties": {
        "@id": "way/345935978",
        "building": "yes",
        "building:levels": "4"
      },
      "geometry": {
        "type": "Polygon",
        "coordinates": [
          [
            [
              77.598303,
              12.9809046
            ],
            [
              77.5983582,
              12.9810582
            ],
            [
              77.5973913,
              12.9813814
            ],
            [
              77.5973679,
              12.9813171
            ],
            [
              77.5974192,
              12.9811895
            ],
            [
              77.598303,
              12.9809046
            ]
          ]
        ]
      },
      "id": "way/345935978"
    },
    {
      "type": "Feature",
      "properties": {
        "@id": "way/345935987",
        "building": "yes"
      },
      "geometry": {
        "type": "Polygon",
        "coordinates": [
          [
            [
              77.6008699,
              12.9816449
            ],
            [
              77.6008411,
              12.9815628
            ],
            [
              77.600996,
              12.9815112
            ],
            [
              77.6010248,
              12.9815932
            ],
            [
              77.6008699,
              12.9816449
            ]
          ]
        ]
      },
      "id": "way/345935987"
    },
    {
      "type": "Feature",
      "properties": {
        "@id": "way/345936066",
        "building": "commercial",
        "height": "15",
        "roof:colour": "red"
      },
      "geometry": {
        "type": "Polygon",
        "coordinates": [
          [
            [
              77.597428,
              12.9815454
            ],
            [
              77.5977651,
              12.9814219
            ],
            [
              77.5979557,
              12.9819158
            ],
            [
              77.5977365,
              12.9819962
            ],
            [
              77.5977243,
              12.9819647
            ],
            [
              77.5976971,
              12.9819747
            ],
            [
              77.5976021,
              12.9817283
            ],
            [
              77.5976356,
              12.9817161
            ],
            [
              77.5976126,
              12.9816568
            ],
            [
              77.5974886,
              12.9817022
            ],
            [
              77.597428,
              12.9815454
            ]
          ]
        ]
      },
      "id": "way/345936066"
    },
    {
      "type": "Feature",
      "properties": {
        "@id": "way/345936073",
        "building": "commercial"
      },
      "geometry": {
        "type": "Polygon",
        "coordinates": [
          [
            [
              77.5980241,
              12.9819663
            ],
            [
              77.5978374,
              12.9814504
            ],
            [
              77.5980312,
              12.9813838
            ],
            [
              77.5981515,
              12.9817165
            ],
            [
              77.5981032,
              12.9817331
            ],
            [
              77.5981695,
              12.9819163
            ],
            [
              77.5980241,
              12.9819663
            ]
          ]
        ]
      },
      "id": "way/345936073"
    },
    {
      "type": "Feature",
      "properties": {
        "@id": "way/345946657",
        "addr:city": "Bangalore",
        "addr:housenumber": "104",
        "addr:postcode": "560001",
        "addr:street": "Infantry Road",
        "building": "commercial",
        "building:levels": "5",
        "name": "Infantry Techno Park"
      },
      "geometry": {
        "type": "Polygon",
        "coordinates": [
          [
            [
              77.6040192,
              12.9801157
            ],
            [
              77.6039642,
              12.9800048
            ],
            [
              77.6039271,
              12.979907
            ],
            [
              77.6040798,
              12.9798491
            ],
            [
              77.6041049,
              12.9799195
            ],
            [
              77.6041561,
              12.9800781
            ],
            [
              77.6040192,
              12.9801157
            ]
          ]
        ]
      },
      "id": "way/345946657"
    },
    {
      "type": "Feature",
      "properties": {
        "@id": "way/345946666",
        "building": "commercial"
      },
      "geometry": {
        "type": "Polygon",
        "coordinates": [
          [
            [
              77.6021647,
              12.9809231
            ],
            [
              77.6020951,
              12.9807331
            ],
            [
              77.6022101,
              12.980693
            ],
            [
              77.6022797,
              12.980883
            ],
            [
              77.6021647,
              12.9809231
            ]
          ]
        ]
      },
      "id": "way/345946666"
    },
    {
      "type": "Feature",
      "properties": {
        "@id": "way/345946712",
        "addr:city": "Beṅgaḷūru",
        "addr:housenumber": "39–40",
        "addr:neighborhood": "Śivājinagara",
        "addr:postcode": "560001",
        "addr:street": "Lady Curzon Road",
        "alt_name:en": "Athashri Hotel Infantry Road",
        "building": "yes",
        "email": "athasri.inn3@gmail.com",
        "internet_access": "wlan",
        "internet_access:fee": "customers",
        "name": "Athaśrī Infantry",
        "name:en": "Athaśrī Hotel Infantry Road",
        "name:es": "Hotel Athaśrī Camino Infantry",
        "name:hi": "अथश्री",
        "name:hi-Latn": "Athśrī",
        "name:kn": "ಅಥಶ್ರೀ",
        "name:ur": "اتھشری",
        "name:ur-Latn": "Athśrī",
        "phone": "+91 70292 05350",
        "tourism": "hotel",
        "website": "https://www.athasrihotels.com/hotels/athasri-hotel-infantry-road/"
      },
      "geometry": {
        "type": "Polygon",
        "coordinates": [
          [
            [
              77.6037274,
              12.9797198
            ],
            [
              77.6036948,
              12.9796078
            ],
            [
              77.6039659,
              12.9795437
            ],
            [
              77.6039916,
              12.9796469
            ],
            [
              77.6037274,
              12.9797198
            ]
          ]
        ]
      },
      "id": "way/345946712"
    },
    {
      "type": "Feature",
      "properties": {
        "@id": "way/345946720",
        "building": "yes"
      },
      "geometry": {
        "type": "Polygon",
        "coordinates": [
          [
            [
              77.6017978,
              12.9816678
            ],
            [
              77.6017461,
              12.981517
            ],
            [
              77.6019844,
              12.9814396
            ],
            [
              77.602036,
              12.9815904
            ],
            [
              77.6017978,
              12.9816678
            ]
          ]
        ]
      },
      "id": "way/345946720"
    },
    {
      "type": "Feature",
      "properties": {
        "@id": "way/345946724",
        "addr:housename": "Prestige Atrium",
        "building": "commercial",
        "min_height": "15",
        "name": "Prestige Atrium"
      },
      "geometry": {
        "type": "Polygon",
        "coordinates": [
          [
            [
              77.6021063,
              12.9799841
            ],
            [
              77.6024852,
              12.9798602
            ],
            [
              77.6026027,
              12.9802015
            ],
            [
              77.6022237,
              12.9803255
            ],
            [
              77.6021063,
              12.9799841
            ]
          ]
        ]
      },
      "id": "way/345946724"
    },
    {
      "type": "Feature",
      "properties": {
        "@id": "way/345946729",
        "building": "yes",
        "name": "St. Andrew's Hall"
      },
      "geometry": {
        "type": "Polygon",
        "coordinates": [
          [
            [
              77.6043351,
              12.9800477
            ],
            [
              77.604269,
              12.9798626
            ],
            [
              77.6045354,
              12.9797721
            ],
            [
              77.6046016,
              12.9799571
            ],
            [
              77.6043351,
              12.9800477
            ]
          ]
        ]
      },
      "id": "way/345946729"
    },
    {
      "type": "Feature",
      "properties": {
        "@id": "way/346434929",
        "building": "yes"
      },
      "geometry": {
        "type": "Polygon",
        "coordinates": [
          [
            [
              77.6040228,
              12.9796506
            ],
            [
              77.6040811,
              12.9798062
            ],
            [
              77.6040601,
              12.9798136
            ],
            [
              77.6040646,
              12.9798256
            ],
            [
              77.6040414,
              12.9798339
            ],
            [
              77.604032,
              12.9798087
            ],
            [
              77.6039674,
              12.9798317
            ],
            [
              77.6039769,
              12.9798568
            ],
            [
              77.6039285,
              12.9798741
            ],
            [
              77.6038795,
              12.9797435
            ],
            [
              77.6039168,
              12.9797303
            ],
            [
              77.6039099,
              12.9797118
            ],
            [
              77.60399,
              12.9796833
            ],
            [
              77.6039831,
              12.9796648
            ],
            [
              77.6040228,
              12.9796506
            ]
          ]
        ]
      },
      "id": "way/346434929"
    },
    {
      "type": "Feature",
      "properties": {
        "@id": "way/346434935",
        "building": "yes"
      },
      "geometry": {
        "type": "Polygon",
        "coordinates": [
          [
            [
              77.6038998,
              12.9815431
            ],
            [
              77.603871,
              12.9814445
            ],
            [
              77.6041379,
              12.9813705
            ],
            [
              77.6041667,
              12.981469
            ],
            [
              77.6038998,
              12.9815431
            ]
          ]
        ]
      },
      "id": "way/346434935"
    },
    {
      "type": "Feature",
      "properties": {
        "@id": "way/346434938",
        "building": "commercial"
      },
      "geometry": {
        "type": "Polygon",
        "coordinates": [
          [
            [
              77.6023316,
              12.9808827
            ],
            [
              77.6022932,
              12.9807667
            ],
            [
              77.6024969,
              12.9807027
            ],
            [
              77.6025352,
              12.9808187
            ],
            [
              77.6023316,
              12.9808827
            ]
          ]
        ]
      },
      "id": "way/346434938"
    },
    {
      "type": "Feature",
      "properties": {
        "@id": "way/346434941",
        "building": "commercial"
      },
      "geometry": {
        "type": "Polygon",
        "coordinates": [
          [
            [
              77.6030644,
              12.9806236
            ],
            [
              77.6030382,
              12.9805456
            ],
            [
              77.6030792,
              12.9805325
            ],
            [
              77.6031054,
              12.9806105
            ],
            [
              77.6030644,
              12.9806236
            ]
          ]
        ]
      },
      "id": "way/346434941"
    },
    {
      "type": "Feature",
      "properties": {
        "@id": "way/346434943",
        "building": "yes"
      },
      "geometry": {
        "type": "Polygon",
        "coordinates": [
          [
            [
              77.6027714,
              12.981755
            ],
            [
              77.6027272,
              12.981613
            ],
            [
              77.6029703,
              12.9815412
            ],
            [
              77.6030145,
              12.9816832
            ],
            [
              77.6027714,
              12.981755
            ]
          ]
        ]
      },
      "id": "way/346434943"
    },
    {
      "type": "Feature",
      "properties": {
        "@id": "way/346434987",
        "building": "yes"
      },
      "geometry": {
        "type": "Polygon",
        "coordinates": [
          [
            [
              77.6040434,
              12.9802475
            ],
            [
              77.6040117,
              12.9801594
            ],
            [
              77.604164,
              12.9801075
            ],
            [
              77.6041957,
              12.9801956
            ],
            [
              77.6040434,
              12.9802475
            ]
          ]
        ]
      },
      "id": "way/346434987"
    },
    {
      "type": "Feature",
      "properties": {
        "@id": "way/346435044",
        "building": "yes"
      },
      "geometry": {
        "type": "Polygon",
        "coordinates": [
          [
            [
              77.6022461,
              12.9804899
            ],
            [
              77.6022193,
              12.9804214
            ],
            [
              77.6023834,
              12.9803603
            ],
            [
              77.6024102,
              12.9804289
            ],
            [
              77.6022461,
              12.9804899
            ]
          ]
        ]
      },
      "id": "way/346435044"
    },
    {
      "type": "Feature",
      "properties": {
        "@id": "way/346435082",
        "building": "yes"
      },
      "geometry": {
        "type": "Polygon",
        "coordinates": [
          [
            [
              77.6044187,
              12.9814749
            ],
            [
              77.6043461,
              12.9812733
            ],
            [
              77.604546,
              12.981205
            ],
            [
              77.6046186,
              12.9814065
            ],
            [
              77.6044187,
              12.9814749
            ]
          ]
        ]
      },
      "id": "way/346435082"
    },
    {
      "type": "Feature",
      "properties": {
        "@id": "way/346435084",
        "building": "yes"
      },
      "geometry": {
        "type": "Polygon",
        "coordinates": [
          [
            [
              77.6018401,
              12.9806173
            ],
            [
              77.6017512,
              12.9803758
            ],
            [
              77.6018675,
              12.9803351
            ],
            [
              77.6019565,
              12.9805766
            ],
            [
              77.6018401,
              12.9806173
            ]
          ]
        ]
      },
      "id": "way/346435084"
    },
    {
      "type": "Feature",
      "properties": {
        "@id": "way/346435090",
        "building": "commercial"
      },
      "geometry": {
        "type": "Polygon",
        "coordinates": [
          [
            [
              77.6031233,
              12.9806021
            ],
            [
              77.6030911,
              12.980526
            ],
            [
              77.6031292,
              12.9805107
            ],
            [
              77.6031613,
              12.9805869
            ],
            [
              77.6031233,
              12.9806021
            ]
          ]
        ]
      },
      "id": "way/346435090"
    },
    {
      "type": "Feature",
      "properties": {
        "@id": "way/346435096",
        "building": "commercial"
      },
      "geometry": {
        "type": "Polygon",
        "coordinates": [
          [
            [
              77.6044828,
              12.9816827
            ],
            [
              77.6044245,
              12.9815071
            ],
            [
              77.6046318,
              12.9814417
            ],
            [
              77.6046902,
              12.9816173
            ],
            [
              77.6044828,
              12.9816827
            ]
          ]
        ]
      },
      "id": "way/346435096"
    },
    {
      "type": "Feature",
      "properties": {
        "@id": "way/346435101",
        "building": "yes"
      },
      "geometry": {
        "type": "Polygon",
        "coordinates": [
          [
            [
              77.6022543,
              12.9806039
            ],
            [
              77.6022331,
              12.980529
            ],
            [
              77.602298,
              12.9805116
            ],
            [
              77.6023192,
              12.9805865
            ],
            [
              77.6022543,
              12.9806039
            ]
          ]
        ]
      },
      "id": "way/346435101"
    },
    {
      "type": "Feature",
      "properties": {
        "@id": "way/346435115",
        "building": "yes"
      },
      "geometry": {
        "type": "Polygon",
        "coordinates": [
          [
            [
              77.6031774,
              12.9795046
            ],
            [
              77.6031197,
              12.9793078
            ],
            [
              77.603339,
              12.9792468
            ],
            [
              77.6033967,
              12.9794436
            ],
            [
              77.6031774,
              12.9795046
            ]
          ]
        ]
      },
      "id": "way/346435115"
    },
    {
      "type": "Feature",
      "properties": {
        "@id": "way/346435136",
        "building": "yes"
      },
      "geometry": {
        "type": "Polygon",
        "coordinates": [
          [
            [
              77.5996086,
              12.9808137
            ],
            [
              77.5997518,
              12.9807613
            ],
            [
              77.5997961,
              12.9808765
            ],
            [
              77.5996529,
              12.9809288
            ],
            [
              77.5996086,
              12.9808137
            ]
          ]
        ]
      },
      "id": "way/346435136"
    },
    {
      "type": "Feature",
      "properties": {
        "@id": "way/346435197",
        "building": "yes"
      },
      "geometry": {
        "type": "Polygon",
        "coordinates": [
          [
            [
              77.6031688,
              12.9805745
            ],
            [
              77.6031453,
              12.9805079
            ],
            [
              77.6032482,
              12.9804734
            ],
            [
              77.6032717,
              12.98054
            ],
            [
              77.6031688,
              12.9805745
            ]
          ]
        ]
      },
      "id": "way/346435197"
    },
    {
      "type": "Feature",
      "properties": {
        "@id": "way/346435225",
        "building": "yes"
      },
      "geometry": {
        "type": "Polygon",
        "coordinates": [
          [
            [
              77.6030298,
              12.9816749
            ],
            [
              77.6029852,
              12.9815271
            ],
            [
              77.6030914,
              12.9814968
            ],
            [
              77.603136,
              12.9816446
            ],
            [
              77.6030298,
              12.9816749
            ]
          ]
        ]
      },
      "id": "way/346435225"
    },
    {
      "type": "Feature",
      "properties": {
        "@id": "way/346435231",
        "building": "yes"
      },
      "geometry": {
        "type": "Polygon",
        "coordinates": [
          [
            [
              77.6015219,
              12.9806397
            ],
            [
              77.601587,
              12.9808279
            ],
            [
              77.6013666,
              12.9809003
            ],
            [
              77.6013015,
              12.9807121
            ],
            [
              77.6015219,
              12.9806397
            ]
          ]
        ]
      },
      "id": "way/346435231"
    },
    {
      "type": "Feature",
      "properties": {
        "@id": "way/346435271",
        "building": "yes"
      },
      "geometry": {
        "type": "Polygon",
        "coordinates": [
          [
            [
              77.6024267,
              12.9807
            ],
            [
              77.6023483,
              12.980487
            ],
            [
              77.6025064,
              12.9804318
            ],
            [
              77.6025848,
              12.9806448
            ],
            [
              77.6024267,
              12.9807
            ]
          ]
        ]
      },
      "id": "way/346435271"
    },
    {
      "type": "Feature",
      "properties": {
        "@id": "way/346435343",
        "building": "yes"
      },
      "geometry": {
        "type": "Polygon",
        "coordinates": [
          [
            [
              77.6042211,
              12.9802179
            ],
            [
              77.6041758,
              12.9800917
            ],
            [
              77.6042922,
              12.9800521
            ],
            [
              77.6043374,
              12.9801781
            ],
            [
              77.6042211,
              12.9802179
            ]
          ]
        ]
      },
      "id": "way/346435343"
    },
    {
      "type": "Feature",
      "properties": {
        "@id": "way/346435349",
        "building": "commercial"
      },
      "geometry": {
        "type": "Polygon",
        "coordinates": [
          [
            [
              77.6029603,
              12.9806614
            ],
            [
              77.6029409,
              12.9806023
            ],
            [
              77.6030215,
              12.9805772
            ],
            [
              77.6030409,
              12.9806363
            ],
            [
              77.6029603,
              12.9806614
            ]
          ]
        ]
      },
      "id": "way/346435349"
    },
    {
      "type": "Feature",
      "properties": {
        "@id": "way/346435420",
        "building": "yes"
      },
      "geometry": {
        "type": "Polygon",
        "coordinates": [
          [
            [
              77.6024386,
              12.9804289
            ],
            [
              77.6024083,
              12.9803482
            ],
            [
              77.6025448,
              12.9802995
            ],
            [
              77.6025751,
              12.9803802
            ],
            [
              77.6024386,
              12.9804289
            ]
          ]
        ]
      },
      "id": "way/346435420"
    },
    {
      "type": "Feature",
      "properties": {
        "@id": "way/346435493",
        "building": "yes"
      },
      "geometry": {
        "type": "Polygon",
        "coordinates": [
          [
            [
              77.6004608,
              12.9814588
            ],
            [
              77.6004011,
              12.9812612
            ],
            [
              77.6005526,
              12.9812177
            ],
            [
              77.6006124,
              12.9814153
            ],
            [
              77.6004608,
              12.9814588
            ]
          ]
        ]
      },
      "id": "way/346435493"
    },
    {
      "type": "Feature",
      "properties": {
        "@id": "way/346435512",
        "building": "yes"
      },
      "geometry": {
        "type": "Polygon",
        "coordinates": [
          [
            [
              77.6045015,
              12.9797245
            ],
            [
              77.6044387,
              12.9795116
            ],
            [
              77.604558,
              12.9794782
            ],
            [
              77.6046208,
              12.979691
            ],
            [
              77.6045015,
              12.9797245
            ]
          ]
        ]
      },
      "id": "way/346435512"
    },
    {
      "type": "Feature",
      "properties": {
        "@id": "way/346435530",
        "building": "yes"
      },
      "geometry": {
        "type": "Polygon",
        "coordinates": [
          [
            [
              77.6041559,
              12.9809068
            ],
            [
              77.6041146,
              12.9807864
            ],
            [
              77.6044093,
              12.9806903
            ],
            [
              77.6044507,
              12.9808108
            ],
            [
              77.6041559,
              12.9809068
            ]
          ]
        ]
      },
      "id": "way/346435530"
    },
    {
      "type": "Feature",
      "properties": {
        "@id": "way/346435557",
        "building": "yes",
        "name": "Rev. Steward Wright Hall"
      },
      "geometry": {
        "type": "Polygon",
        "coordinates": [
          [
            [
              77.6040944,
              12.9797804
            ],
            [
              77.6040345,
              12.9796123
            ],
            [
              77.6041102,
              12.9795868
            ],
            [
              77.60417,
              12.9797548
            ],
            [
              77.6040944,
              12.9797804
            ]
          ]
        ]
      },
      "id": "way/346435557"
    },
    {
      "type": "Feature",
      "properties": {
        "@id": "way/346435575",
        "building": "yes"
      },
      "geometry": {
        "type": "Polygon",
        "coordinates": [
          [
            [
              77.6017342,
              12.9803764
            ],
            [
              77.6016519,
              12.9801432
            ],
            [
              77.6017951,
              12.9800952
            ],
            [
              77.6018774,
              12.9803285
            ],
            [
              77.6017342,
              12.9803764
            ]
          ]
        ]
      },
      "id": "way/346435575"
    },
    {
      "type": "Feature",
      "properties": {
        "@id": "way/346435577",
        "building": "yes"
      },
      "geometry": {
        "type": "Polygon",
        "coordinates": [
          [
            [
              77.6026593,
              12.9807724
            ],
            [
              77.602619,
              12.9806735
            ],
            [
              77.6026881,
              12.9806468
            ],
            [
              77.6027284,
              12.9807457
            ],
            [
              77.6026593,
              12.9807724
            ]
          ]
        ]
      },
      "id": "way/346435577"
    },
    {
      "type": "Feature",
      "properties": {
        "@id": "way/346435589",
        "building": "yes"
      },
      "geometry": {
        "type": "Polygon",
        "coordinates": [
          [
            [
              77.6019394,
              12.9802886
            ],
            [
              77.6018491,
              12.9800303
            ],
            [
              77.6019771,
              12.9799877
            ],
            [
              77.6020675,
              12.9802461
            ],
            [
              77.6019394,
              12.9802886
            ]
          ]
        ]
      },
      "id": "way/346435589"
    },
    {
      "type": "Feature",
      "properties": {
        "@id": "way/346435592",
        "building": "yes"
      },
      "geometry": {
        "type": "Polygon",
        "coordinates": [
          [
            [
              77.6026881,
              12.9795583
            ],
            [
              77.6026677,
              12.9794909
            ],
            [
              77.6028497,
              12.9794386
            ],
            [
              77.6028701,
              12.9795059
            ],
            [
              77.6026881,
              12.9795583
            ]
          ]
        ]
      },
      "id": "way/346435592"
    },
    {
      "type": "Feature",
      "properties": {
        "@id": "way/346435635",
        "building": "yes"
      },
      "geometry": {
        "type": "Polygon",
        "coordinates": [
          [
            [
              77.6039352,
              12.9803033
            ],
            [
              77.6039075,
              12.9802289
            ],
            [
              77.6040164,
              12.9801903
            ],
            [
              77.6040441,
              12.9802648
            ],
            [
              77.6039352,
              12.9803033
            ]
          ]
        ]
      },
      "id": "way/346435635"
    },
    {
      "type": "Feature",
      "properties": {
        "@id": "way/346435677",
        "building": "yes"
      },
      "geometry": {
        "type": "Polygon",
        "coordinates": [
          [
            [
              77.6026132,
              12.9804172
            ],
            [
              77.6025721,
              12.9802966
            ],
            [
              77.6026821,
              12.980261
            ],
            [
              77.6027232,
              12.9803816
            ],
            [
              77.6026355,
              12.98041
            ],
            [
              77.6026132,
              12.9804172
            ]
          ]
        ]
      },
      "id": "way/346435677"
    },
    {
      "type": "Feature",
      "properties": {
        "@id": "way/346435698",
        "building": "yes"
      },
      "geometry": {
        "type": "Polygon",
        "coordinates": [
          [
            [
              77.6032928,
              12.9814651
            ],
            [
              77.6032497,
              12.9813226
            ],
            [
              77.6034041,
              12.9812782
            ],
            [
              77.6034472,
              12.9814207
            ],
            [
              77.6032928,
              12.9814651
            ]
          ]
        ]
      },
      "id": "way/346435698"
    },
    {
      "type": "Feature",
      "properties": {
        "@id": "way/346435701",
        "building": "yes"
      },
      "geometry": {
        "type": "Polygon",
        "coordinates": [
          [
            [
              77.6015889,
              12.9807366
            ],
            [
              77.6015519,
              12.9806208
            ],
            [
              77.6017418,
              12.9805632
            ],
            [
              77.6017788,
              12.980679
            ],
            [
              77.6015889,
              12.9807366
            ]
          ]
        ]
      },
      "id": "way/346435701"
    },
    {
      "type": "Feature",
      "properties": {
        "@id": "way/346435704",
        "building": "yes"
      },
      "geometry": {
        "type": "Polygon",
        "coordinates": [
          [
            [
              77.6041415,
              12.9807637
            ],
            [
              77.6040972,
              12.9806346
            ],
            [
              77.6043575,
              12.9805497
            ],
            [
              77.6044018,
              12.9806789
            ],
            [
              77.6041415,
              12.9807637
            ]
          ]
        ]
      },
      "id": "way/346435704"
    },
    {
      "type": "Feature",
      "properties": {
        "@id": "way/346435730",
        "building": "yes"
      },
      "geometry": {
        "type": "Polygon",
        "coordinates": [
          [
            [
              77.604768,
              12.9806562
            ],
            [
              77.6049294,
              12.980607
            ],
            [
              77.6049747,
              12.9807481
            ],
            [
              77.6045167,
              12.9808877
            ],
            [
              77.6044714,
              12.9807465
            ],
            [
              77.6046279,
              12.9806988
            ],
            [
              77.6043982,
              12.9805688
            ],
            [
              77.6043412,
              12.9804106
            ],
            [
              77.6048136,
              12.9802491
            ],
            [
              77.604872,
              12.9804114
            ],
            [
              77.604768,
              12.9806562
            ]
          ]
        ]
      },
      "id": "way/346435730"
    },
    {
      "type": "Feature",
      "properties": {
        "@id": "way/346435743",
        "addr:street": "Infantry Road",
        "building": "apartments",
        "building:levels": "9",
        "name": "Pristine Vara",
        "roof:levels": "0",
        "roof:shape": "flat"
      },
      "geometry": {
        "type": "Polygon",
        "coordinates": [
          [
            [
              77.6016964,
              12.9810081
            ],
            [
              77.6016271,
              12.9807975
            ],
            [
              77.6017965,
              12.9807445
            ],
            [
              77.6018659,
              12.9809551
            ],
            [
              77.6016964,
              12.9810081
            ]
          ]
        ]
      },
      "id": "way/346435743"
    },
    {
      "type": "Feature",
      "properties": {
        "@id": "way/346435808",
        "building": "yes"
      },
      "geometry": {
        "type": "Polygon",
        "coordinates": [
          [
            [
              77.6028403,
              12.9802795
            ],
            [
              77.6029413,
              12.9802474
            ],
            [
              77.6029725,
              12.9803408
            ],
            [
              77.6029549,
              12.9803465
            ],
            [
              77.603028,
              12.9805647
            ],
            [
              77.6029447,
              12.9805913
            ],
            [
              77.6028403,
              12.9802795
            ]
          ]
        ]
      },
      "id": "way/346435808"
    },
    {
      "type": "Feature",
      "properties": {
        "@id": "way/346435840",
        "building": "yes"
      },
      "geometry": {
        "type": "Polygon",
        "coordinates": [
          [
            [
              77.6020333,
              12.9805994
            ],
            [
              77.6019589,
              12.9803723
            ],
            [
              77.6020595,
              12.980341
            ],
            [
              77.6020959,
              12.980452
            ],
            [
              77.6021666,
              12.98043
            ],
            [
              77.6022046,
              12.980546
            ],
            [
              77.6020333,
              12.9805994
            ]
          ]
        ]
      },
      "id": "way/346435840"
    },
    {
      "type": "Feature",
      "properties": {
        "@id": "way/346435891",
        "building": "yes"
      },
      "geometry": {
        "type": "Polygon",
        "coordinates": [
          [
            [
              77.6032601,
              12.9815011
            ],
            [
              77.6033716,
              12.9814689
            ],
            [
              77.603431,
              12.9816639
            ],
            [
              77.6033194,
              12.9816962
            ],
            [
              77.6032601,
              12.9815011
            ]
          ]
        ]
      },
      "id": "way/346435891"
    },
    {
      "type": "Feature",
      "properties": {
        "@id": "way/346435894",
        "building": "yes"
      },
      "geometry": {
        "type": "Polygon",
        "coordinates": [
          [
            [
              77.6027334,
              12.9816011
            ],
            [
              77.602661,
              12.981392
            ],
            [
              77.6027004,
              12.9813791
            ],
            [
              77.6026807,
              12.981322
            ],
            [
              77.6028754,
              12.9812579
            ],
            [
              77.6029676,
              12.981524
            ],
            [
              77.6027334,
              12.9816011
            ]
          ]
        ]
      },
      "id": "way/346435894"
    },
    {
      "type": "Feature",
      "properties": {
        "@id": "way/346435906",
        "building": "yes"
      },
      "geometry": {
        "type": "Polygon",
        "coordinates": [
          [
            [
              77.6022831,
              12.9807206
            ],
            [
              77.6022595,
              12.9806535
            ],
            [
              77.6022937,
              12.9806421
            ],
            [
              77.6022837,
              12.9806137
            ],
            [
              77.602317,
              12.9806026
            ],
            [
              77.6023506,
              12.9806981
            ],
            [
              77.6022831,
              12.9807206
            ]
          ]
        ]
      },
      "id": "way/346435906"
    },
    {
      "type": "Feature",
      "properties": {
        "@id": "way/346435929",
        "building": "yes",
        "building:levels": "1"
      },
      "geometry": {
        "type": "Polygon",
        "coordinates": [
          [
            [
              77.6019106,
              12.9809781
            ],
            [
              77.6018419,
              12.9807867
            ],
            [
              77.6019083,
              12.9807641
            ],
            [
              77.6018923,
              12.9807195
            ],
            [
              77.6019695,
              12.9806932
            ],
            [
              77.6020445,
              12.9809022
            ],
            [
              77.6020542,
              12.9809292
            ],
            [
              77.6019106,
              12.9809781
            ]
          ]
        ]
      },
      "id": "way/346435929"
    },
    {
      "type": "Feature",
      "properties": {
        "@id": "way/346768241",
        "building": "apartments"
      },
      "geometry": {
        "type": "Polygon",
        "coordinates": [
          [
            [
              77.5992872,
              12.9725869
            ],
            [
              77.5992827,
              12.9724706
            ],
            [
              77.599374,
              12.9724673
            ],
            [
              77.5993785,
              12.9725836
            ],
            [
              77.5992872,
              12.9725869
            ]
          ]
        ]
      },
      "id": "way/346768241"
    },
    {
      "type": "Feature",
      "properties": {
        "@id": "way/346768245",
        "building": "commercial",
        "building:levels": "8",
        "start_date": "2003"
      },
      "geometry": {
        "type": "Polygon",
        "coordinates": [
          [
            [
              77.5993974,
              12.9728419
            ],
            [
              77.5994836,
              12.9728297
            ],
            [
              77.599471,
              12.9727449
            ],
            [
              77.59959,
              12.9727281
            ],
            [
              77.5996388,
              12.9730556
            ],
            [
              77.5995972,
              12.9730615
            ],
            [
              77.599567,
              12.9730744
            ],
            [
              77.5995348,
              12.9730817
            ],
            [
              77.5995094,
              12.9730835
            ],
            [
              77.5994839,
              12.9730817
            ],
            [
              77.5994648,
              12.9730829
            ],
            [
              77.5994463,
              12.9730785
            ],
            [
              77.5994289,
              12.973068
            ],
            [
              77.5994119,
              12.9730337
            ],
            [
              77.5993993,
              12.9729975
            ],
            [
              77.5993913,
              12.9729602
            ],
            [
              77.5993881,
              12.9729206
            ],
            [
              77.5993902,
              12.972881
            ],
            [
              77.5993974,
              12.9728419
            ]
          ]
        ]
      },
      "id": "way/346768245"
    },
    {
      "type": "Feature",
      "properties": {
        "@id": "way/349551340",
        "building": "yes"
      },
      "geometry": {
        "type": "Polygon",
        "coordinates": [
          [
            [
              77.603812,
              12.981084
            ],
            [
              77.6037715,
              12.9809687
            ],
            [
              77.6039883,
              12.9808963
            ],
            [
              77.6040288,
              12.9810116
            ],
            [
              77.603812,
              12.981084
            ]
          ]
        ]
      },
      "id": "way/349551340"
    },
    {
      "type": "Feature",
      "properties": {
        "@id": "way/349551349",
        "building": "yes"
      },
      "geometry": {
        "type": "Polygon",
        "coordinates": [
          [
            [
              77.6038203,
              12.9813425
            ],
            [
              77.6037543,
              12.9811282
            ],
            [
              77.6040432,
              12.9810439
            ],
            [
              77.6041091,
              12.9812582
            ],
            [
              77.6038203,
              12.9813425
            ]
          ]
        ]
      },
      "id": "way/349551349"
    },
    {
      "type": "Feature",
      "properties": {
        "@id": "way/349551357",
        "building": "commercial"
      },
      "geometry": {
        "type": "Polygon",
        "coordinates": [
          [
            [
              77.6035813,
              12.9807048
            ],
            [
              77.6035358,
              12.9806032
            ],
            [
              77.6036936,
              12.9805361
            ],
            [
              77.6037391,
              12.9806376
            ],
            [
              77.6035813,
              12.9807048
            ]
          ]
        ]
      },
      "id": "way/349551357"
    },
    {
      "type": "Feature",
      "properties": {
        "@id": "way/349551377",
        "building": "yes"
      },
      "geometry": {
        "type": "Polygon",
        "coordinates": [
          [
            [
              77.6045849,
              12.9810878
            ],
            [
              77.6045465,
              12.9809789
            ],
            [
              77.6050169,
              12.9808214
            ],
            [
              77.6050553,
              12.9809302
            ],
            [
              77.6045849,
              12.9810878
            ]
          ]
        ]
      },
      "id": "way/349551377"
    },
    {
      "type": "Feature",
      "properties": {
        "@id": "way/349551385",
        "building": "yes"
      },
      "geometry": {
        "type": "Polygon",
        "coordinates": [
          [
            [
              77.6040306,
              12.9806446
            ],
            [
              77.6039586,
              12.9804633
            ],
            [
              77.6041723,
              12.9803826
            ],
            [
              77.6042443,
              12.980564
            ],
            [
              77.6040306,
              12.9806446
            ]
          ]
        ]
      },
      "id": "way/349551385"
    },
    {
      "type": "Feature",
      "properties": {
        "@id": "way/349551390",
        "building": "yes"
      },
      "geometry": {
        "type": "Polygon",
        "coordinates": [
          [
            [
              77.6035959,
              12.9807152
            ],
            [
              77.6037815,
              12.9806368
            ],
            [
              77.6038475,
              12.9807853
            ],
            [
              77.6036619,
              12.9808637
            ],
            [
              77.6035959,
              12.9807152
            ]
          ]
        ]
      },
      "id": "way/349551390"
    },
    {
      "type": "Feature",
      "properties": {
        "@id": "way/349551395",
        "building": "commercial"
      },
      "geometry": {
        "type": "Polygon",
        "coordinates": [
          [
            [
              77.6037092,
              12.9805376
            ],
            [
              77.6038487,
              12.9804823
            ],
            [
              77.6038879,
              12.9805763
            ],
            [
              77.6037485,
              12.9806316
            ],
            [
              77.6037092,
              12.9805376
            ]
          ]
        ]
      },
      "id": "way/349551395"
    },
    {
      "type": "Feature",
      "properties": {
        "@id": "way/349551403",
        "building": "yes"
      },
      "geometry": {
        "type": "Polygon",
        "coordinates": [
          [
            [
              77.6025768,
              12.9812113
            ],
            [
              77.6025444,
              12.9811097
            ],
            [
              77.602703,
              12.9810616
            ],
            [
              77.6027354,
              12.9811633
            ],
            [
              77.6025768,
              12.9812113
            ]
          ]
        ]
      },
      "id": "way/349551403"
    },
    {
      "type": "Feature",
      "properties": {
        "@id": "way/349551411",
        "building": "yes",
        "building:levels": "3"
      },
      "geometry": {
        "type": "Polygon",
        "coordinates": [
          [
            [
              77.6020305,
              12.9813817
            ],
            [
              77.6019586,
              12.9811453
            ],
            [
              77.6020788,
              12.9811106
            ],
            [
              77.6021506,
              12.9813472
            ],
            [
              77.6020305,
              12.9813817
            ]
          ]
        ]
      },
      "id": "way/349551411"
    },
    {
      "type": "Feature",
      "properties": {
        "@id": "way/349551413",
        "building": "yes"
      },
      "geometry": {
        "type": "Polygon",
        "coordinates": [
          [
            [
              77.6021423,
              12.981736
            ],
            [
              77.6020975,
              12.9815948
            ],
            [
              77.6022178,
              12.9815585
            ],
            [
              77.6022626,
              12.9816998
            ],
            [
              77.6021423,
              12.981736
            ]
          ]
        ]
      },
      "id": "way/349551413"
    },
    {
      "type": "Feature",
      "properties": {
        "@id": "way/349551415",
        "building": "yes"
      },
      "geometry": {
        "type": "Polygon",
        "coordinates": [
          [
            [
              77.6039359,
              12.9816717
            ],
            [
              77.6039008,
              12.9815613
            ],
            [
              77.6041629,
              12.9814822
            ],
            [
              77.604198,
              12.9815927
            ],
            [
              77.6039359,
              12.9816717
            ]
          ]
        ]
      },
      "id": "way/349551415"
    },
    {
      "type": "Feature",
      "properties": {
        "@id": "way/349551419",
        "building": "yes"
      },
      "geometry": {
        "type": "Polygon",
        "coordinates": [
          [
            [
              77.6039723,
              12.98086
            ],
            [
              77.603705,
              12.9809729
            ],
            [
              77.6036656,
              12.9808843
            ],
            [
              77.6039329,
              12.9807714
            ],
            [
              77.6039723,
              12.98086
            ]
          ]
        ]
      },
      "id": "way/349551419"
    },
    {
      "type": "Feature",
      "properties": {
        "@id": "way/349551428",
        "building": "yes"
      },
      "geometry": {
        "type": "Polygon",
        "coordinates": [
          [
            [
              77.6014854,
              12.9813608
            ],
            [
              77.6014639,
              12.9812986
            ],
            [
              77.6015954,
              12.9812555
            ],
            [
              77.6016169,
              12.9813177
            ],
            [
              77.6014854,
              12.9813608
            ]
          ]
        ]
      },
      "id": "way/349551428"
    },
    {
      "type": "Feature",
      "properties": {
        "@id": "way/349551429",
        "building": "commercial"
      },
      "geometry": {
        "type": "Polygon",
        "coordinates": [
          [
            [
              77.6038663,
              12.9807914
            ],
            [
              77.6037951,
              12.9806314
            ],
            [
              77.6038847,
              12.9805935
            ],
            [
              77.6039558,
              12.9807536
            ],
            [
              77.6038663,
              12.9807914
            ]
          ]
        ]
      },
      "id": "way/349551429"
    },
    {
      "type": "Feature",
      "properties": {
        "@id": "way/349551431",
        "building": "yes"
      },
      "geometry": {
        "type": "Polygon",
        "coordinates": [
          [
            [
              77.6029818,
              12.9811507
            ],
            [
              77.6028448,
              12.981199
            ],
            [
              77.6027409,
              12.9808797
            ],
            [
              77.6028413,
              12.9808425
            ],
            [
              77.6028859,
              12.9808699
            ],
            [
              77.6029818,
              12.9811507
            ]
          ]
        ]
      },
      "id": "way/349551431"
    },
    {
      "type": "Feature",
      "properties": {
        "@id": "way/349551434",
        "building": "yes"
      },
      "geometry": {
        "type": "Polygon",
        "coordinates": [
          [
            [
              77.6040302,
              12.9819156
            ],
            [
              77.6039554,
              12.9816802
            ],
            [
              77.6042317,
              12.9815968
            ],
            [
              77.6043065,
              12.9818322
            ],
            [
              77.6040302,
              12.9819156
            ]
          ]
        ]
      },
      "id": "way/349551434"
    },
    {
      "type": "Feature",
      "properties": {
        "@id": "way/349551441",
        "building": "yes"
      },
      "geometry": {
        "type": "Polygon",
        "coordinates": [
          [
            [
              77.6030077,
              12.9814964
            ],
            [
              77.6029665,
              12.9813592
            ],
            [
              77.6030263,
              12.9813421
            ],
            [
              77.6030675,
              12.9814794
            ],
            [
              77.6030077,
              12.9814964
            ]
          ]
        ]
      },
      "id": "way/349551441"
    },
    {
      "type": "Feature",
      "properties": {
        "@id": "way/349551446",
        "building": "yes"
      },
      "geometry": {
        "type": "Polygon",
        "coordinates": [
          [
            [
              77.6038612,
              12.981441
            ],
            [
              77.6038405,
              12.9813707
            ],
            [
              77.6041228,
              12.9812917
            ],
            [
              77.6041435,
              12.9813619
            ],
            [
              77.6038612,
              12.981441
            ]
          ]
        ]
      },
      "id": "way/349551446"
    },
    {
      "type": "Feature",
      "properties": {
        "@id": "way/349551450",
        "building": "commercial",
        "building:levels": "3"
      },
      "geometry": {
        "type": "Polygon",
        "coordinates": [
          [
            [
              77.6017063,
              12.9814925
            ],
            [
              77.6016298,
              12.9812669
            ],
            [
              77.601901,
              12.9811795
            ],
            [
              77.6019775,
              12.9814052
            ],
            [
              77.6017063,
              12.9814925
            ]
          ]
        ]
      },
      "id": "way/349551450"
    },
    {
      "type": "Feature",
      "properties": {
        "@id": "way/349551452",
        "building": "yes"
      },
      "geometry": {
        "type": "Polygon",
        "coordinates": [
          [
            [
              77.6042337,
              12.9812877
            ],
            [
              77.6041138,
              12.9809485
            ],
            [
              77.604449,
              12.9808359
            ],
            [
              77.6044625,
              12.9808741
            ],
            [
              77.6042793,
              12.9809355
            ],
            [
              77.6042957,
              12.9809819
            ],
            [
              77.6044946,
              12.9809152
            ],
            [
              77.6045447,
              12.9810569
            ],
            [
              77.6043337,
              12.9811277
            ],
            [
              77.6043737,
              12.9812407
            ],
            [
              77.6042337,
              12.9812877
            ]
          ]
        ]
      },
      "id": "way/349551452"
    },
    {
      "type": "Feature",
      "properties": {
        "@id": "way/349551462",
        "building": "yes"
      },
      "geometry": {
        "type": "Polygon",
        "coordinates": [
          [
            [
              77.603818,
              12.9818205
            ],
            [
              77.6037835,
              12.9817047
            ],
            [
              77.6038345,
              12.9816903
            ],
            [
              77.6038113,
              12.9816123
            ],
            [
              77.6038906,
              12.9815899
            ],
            [
              77.6039483,
              12.9817836
            ],
            [
              77.603818,
              12.9818205
            ]
          ]
        ]
      },
      "id": "way/349551462"
    },
    {
      "type": "Feature",
      "properties": {
        "@id": "way/349551463",
        "building": "commercial"
      },
      "geometry": {
        "type": "Polygon",
        "coordinates": [
          [
            [
              77.601118,
              12.9815485
            ],
            [
              77.6010901,
              12.9814678
            ],
            [
              77.6013111,
              12.9813953
            ],
            [
              77.601339,
              12.981476
            ],
            [
              77.601118,
              12.9815485
            ]
          ]
        ]
      },
      "id": "way/349551463"
    },
    {
      "type": "Feature",
      "properties": {
        "@id": "way/350554773",
        "building": "commercial"
      },
      "geometry": {
        "type": "Polygon",
        "coordinates": [
          [
            [
              77.6014119,
              12.981138
            ],
            [
              77.6013559,
              12.9809547
            ],
            [
              77.6014471,
              12.9809282
            ],
            [
              77.6015031,
              12.9811115
            ],
            [
              77.6014119,
              12.981138
            ]
          ]
        ]
      },
      "id": "way/350554773"
    },
    {
      "type": "Feature",
      "properties": {
        "@id": "way/350554790",
        "building": "yes"
      },
      "geometry": {
        "type": "Polygon",
        "coordinates": [
          [
            [
              77.6038837,
              12.9802098
            ],
            [
              77.6038463,
              12.980105
            ],
            [
              77.6039599,
              12.9800665
            ],
            [
              77.6039972,
              12.9801714
            ],
            [
              77.6038837,
              12.9802098
            ]
          ]
        ]
      },
      "id": "way/350554790"
    },
    {
      "type": "Feature",
      "properties": {
        "@id": "way/350554794",
        "building": "yes"
      },
      "geometry": {
        "type": "Polygon",
        "coordinates": [
          [
            [
              77.6038484,
              12.980079
            ],
            [
              77.6037899,
              12.9799268
            ],
            [
              77.6038752,
              12.9798957
            ],
            [
              77.6039338,
              12.9800478
            ],
            [
              77.6038484,
              12.980079
            ]
          ]
        ]
      },
      "id": "way/350554794"
    },
    {
      "type": "Feature",
      "properties": {
        "@id": "way/350554815",
        "building": "commercial",
        "building:levels": "4",
        "roof:shape": "flat"
      },
      "geometry": {
        "type": "Polygon",
        "coordinates": [
          [
            [
              77.6015281,
              12.981104
            ],
            [
              77.6014689,
              12.9809042
            ],
            [
              77.6015828,
              12.9808722
            ],
            [
              77.6016419,
              12.981072
            ],
            [
              77.6015281,
              12.981104
            ]
          ]
        ]
      },
      "id": "way/350554815"
    },
    {
      "type": "Feature",
      "properties": {
        "@id": "way/350554822",
        "building": "yes"
      },
      "geometry": {
        "type": "Polygon",
        "coordinates": [
          [
            [
              77.6036924,
              12.9795811
            ],
            [
              77.6036407,
              12.9794132
            ],
            [
              77.6038866,
              12.9793412
            ],
            [
              77.6039384,
              12.979509
            ],
            [
              77.6036924,
              12.9795811
            ]
          ]
        ]
      },
      "id": "way/350554822"
    },
    {
      "type": "Feature",
      "properties": {
        "@id": "way/350558587",
        "building": "yes"
      },
      "geometry": {
        "type": "Polygon",
        "coordinates": [
          [
            [
              77.6032972,
              12.9743393
            ],
            [
              77.6032921,
              12.9744388
            ],
            [
              77.6032651,
              12.9744374
            ],
            [
              77.6032654,
              12.9744299
            ],
            [
              77.6030818,
              12.974421
            ],
            [
              77.6030835,
              12.974388
            ],
            [
              77.6031175,
              12.9743896
            ],
            [
              77.6031206,
              12.9743307
            ],
            [
              77.6032972,
              12.9743393
            ]
          ]
        ]
      },
      "id": "way/350558587"
    },
    {
      "type": "Feature",
      "properties": {
        "@id": "way/350558591",
        "building": "yes",
        "building:levels": "3",
        "name": "ChildFund",
        "office": "yes"
      },
      "geometry": {
        "type": "Polygon",
        "coordinates": [
          [
            [
              77.6028302,
              12.9742742
            ],
            [
              77.6025553,
              12.9742539
            ],
            [
              77.6025654,
              12.9741244
            ],
            [
              77.6028402,
              12.9741447
            ],
            [
              77.6028302,
              12.9742742
            ]
          ]
        ]
      },
      "id": "way/350558591"
    },
    {
      "type": "Feature",
      "properties": {
        "@id": "way/350558593",
        "addr:city": "Bengaluru",
        "addr:housenumber": "47",
        "addr:postcode": "560001",
        "addr:street": "Church Street",
        "addr:suburb": "Shanthala Nagar",
        "building": "commercial",
        "building:levels": "5",
        "name": "Prestige Eureka"
      },
      "geometry": {
        "type": "Polygon",
        "coordinates": [
          [
            [
              77.6030133,
              12.9756715
            ],
            [
              77.6029831,
              12.9755531
            ],
            [
              77.6030844,
              12.9755285
            ],
            [
              77.6031146,
              12.975647
            ],
            [
              77.6030133,
              12.9756715
            ]
          ]
        ]
      },
      "id": "way/350558593"
    },
    {
      "type": "Feature",
      "properties": {
        "@id": "way/350558595",
        "building": "yes"
      },
      "geometry": {
        "type": "Polygon",
        "coordinates": [
          [
            [
              77.6027334,
              12.975834
            ],
            [
              77.6030125,
              12.9758169
            ],
            [
              77.6030313,
              12.9759303
            ],
            [
              77.6029366,
              12.975934
            ],
            [
              77.602938,
              12.9759671
            ],
            [
              77.6028586,
              12.9759702
            ],
            [
              77.6028593,
              12.9759856
            ],
            [
              77.6027398,
              12.9759903
            ],
            [
              77.6027334,
              12.975834
            ]
          ]
        ]
      },
      "id": "way/350558595"
    },
    {
      "type": "Feature",
      "properties": {
        "@id": "way/351413868",
        "building": "yes"
      },
      "geometry": {
        "type": "Polygon",
        "coordinates": [
          [
            [
              77.5972013,
              12.9744892
            ],
            [
              77.597316,
              12.9742631
            ],
            [
              77.5974219,
              12.9743141
            ],
            [
              77.5973072,
              12.9745402
            ],
            [
              77.5972013,
              12.9744892
            ]
          ]
        ]
      },
      "id": "way/351413868"
    },
    {
      "type": "Feature",
      "properties": {
        "@id": "way/351413881",
        "building": "commercial",
        "building:levels": "5"
      },
      "geometry": {
        "type": "Polygon",
        "coordinates": [
          [
            [
              77.5979397,
              12.9754905
            ],
            [
              77.5981074,
              12.9752718
            ],
            [
              77.5982518,
              12.9753769
            ],
            [
              77.5980841,
              12.9755956
            ],
            [
              77.5979397,
              12.9754905
            ]
          ]
        ]
      },
      "id": "way/351413881"
    },
    {
      "type": "Feature",
      "properties": {
        "@id": "way/351413884",
        "building": "yes"
      },
      "geometry": {
        "type": "Polygon",
        "coordinates": [
          [
            [
              77.5973226,
              12.9745466
            ],
            [
              77.5974424,
              12.9743693
            ],
            [
              77.5975446,
              12.9744348
            ],
            [
              77.5974248,
              12.9746122
            ],
            [
              77.5973226,
              12.9745466
            ]
          ]
        ]
      },
      "id": "way/351413884"
    },
    {
      "type": "Feature",
      "properties": {
        "@id": "way/351413888",
        "building": "commercial",
        "building:levels": "6",
        "name": "Kasthuri Tower"
      },
      "geometry": {
        "type": "Polygon",
        "coordinates": [
          [
            [
              77.5977644,
              12.9753162
            ],
            [
              77.5977901,
              12.9752126
            ],
            [
              77.5978772,
              12.9751139
            ],
            [
              77.5980024,
              12.9752285
            ],
            [
              77.5978614,
              12.9754046
            ],
            [
              77.5977644,
              12.9753162
            ]
          ]
        ]
      },
      "id": "way/351413888"
    },
    {
      "type": "Feature",
      "properties": {
        "@id": "way/352714446",
        "building": "yes"
      },
      "geometry": {
        "type": "Polygon",
        "coordinates": [
          [
            [
              77.5969342,
              12.9742382
            ],
            [
              77.5970483,
              12.9740731
            ],
            [
              77.5972827,
              12.9742269
            ],
            [
              77.5971686,
              12.974392
            ],
            [
              77.5969342,
              12.9742382
            ]
          ]
        ]
      },
      "id": "way/352714446"
    },
    {
      "type": "Feature",
      "properties": {
        "@id": "way/352714448",
        "building": "apartments",
        "building:levels": "4"
      },
      "geometry": {
        "type": "Polygon",
        "coordinates": [
          [
            [
              77.5981898,
              12.9737441
            ],
            [
              77.5982133,
              12.9735784
            ],
            [
              77.5984408,
              12.973609
            ],
            [
              77.5984173,
              12.9737747
            ],
            [
              77.5981898,
              12.9737441
            ]
          ]
        ]
      },
      "id": "way/352714448"
    },
    {
      "type": "Feature",
      "properties": {
        "@id": "way/352714449",
        "building": "yes"
      },
      "geometry": {
        "type": "Polygon",
        "coordinates": [
          [
            [
              77.5989498,
              12.9738064
            ],
            [
              77.5988284,
              12.9738071
            ],
            [
              77.5988274,
              12.9736382
            ],
            [
              77.5989488,
              12.9736375
            ],
            [
              77.5989498,
              12.9738064
            ]
          ]
        ]
      },
      "id": "way/352714449"
    },
    {
      "type": "Feature",
      "properties": {
        "@id": "way/352714450",
        "building": "yes"
      },
      "geometry": {
        "type": "Polygon",
        "coordinates": [
          [
            [
              77.5985474,
              12.9740244
            ],
            [
              77.5985431,
              12.9738879
            ],
            [
              77.5987532,
              12.9738816
            ],
            [
              77.5987575,
              12.974018
            ],
            [
              77.5985474,
              12.9740244
            ]
          ]
        ]
      },
      "id": "way/352714450"
    },
    {
      "type": "Feature",
      "properties": {
        "@id": "way/352714451",
        "building": "apartments"
      },
      "geometry": {
        "type": "Polygon",
        "coordinates": [
          [
            [
              77.5970841,
              12.973923
            ],
            [
              77.5971279,
              12.9738606
            ],
            [
              77.5971132,
              12.9738508
            ],
            [
              77.5971357,
              12.9738188
            ],
            [
              77.5971692,
              12.9738411
            ],
            [
              77.5972172,
              12.9737726
            ],
            [
              77.5973005,
              12.9738281
            ],
            [
              77.5973334,
              12.9737811
            ],
            [
              77.5973727,
              12.9738073
            ],
            [
              77.5973857,
              12.9737887
            ],
            [
              77.5974522,
              12.973833
            ],
            [
              77.5974401,
              12.9738502
            ],
            [
              77.5975751,
              12.9739401
            ],
            [
              77.5976063,
              12.9738956
            ],
            [
              77.5977094,
              12.9739644
            ],
            [
              77.5976504,
              12.9740485
            ],
            [
              77.5977283,
              12.9741003
            ],
            [
              77.5976775,
              12.9741727
            ],
            [
              77.5976991,
              12.9741871
            ],
            [
              77.5976295,
              12.9742863
            ],
            [
              77.5970841,
              12.973923
            ]
          ]
        ]
      },
      "id": "way/352714451"
    },
    {
      "type": "Feature",
      "properties": {
        "@id": "way/352714454",
        "building": "apartments"
      },
      "geometry": {
        "type": "Polygon",
        "coordinates": [
          [
            [
              77.5981944,
              12.9752905
            ],
            [
              77.5981562,
              12.9749583
            ],
            [
              77.5983695,
              12.974935
            ],
            [
              77.5984076,
              12.9752673
            ],
            [
              77.5981944,
              12.9752905
            ]
          ]
        ]
      },
      "id": "way/352714454"
    },
    {
      "type": "Feature",
      "properties": {
        "@id": "way/352714455",
        "building": "yes"
      },
      "geometry": {
        "type": "Polygon",
        "coordinates": [
          [
            [
              77.5977817,
              12.9742374
            ],
            [
              77.597979,
              12.9743137
            ],
            [
              77.5979306,
              12.9744324
            ],
            [
              77.5977333,
              12.974356
            ],
            [
              77.5977817,
              12.9742374
            ]
          ]
        ]
      },
      "id": "way/352714455"
    },
    {
      "type": "Feature",
      "properties": {
        "@id": "way/352714456",
        "building": "apartments",
        "building:levels": "4"
      },
      "geometry": {
        "type": "Polygon",
        "coordinates": [
          [
            [
              77.5980888,
              12.9741725
            ],
            [
              77.5981423,
              12.9740332
            ],
            [
              77.5984043,
              12.9741288
            ],
            [
              77.5983508,
              12.9742681
            ],
            [
              77.5980888,
              12.9741725
            ]
          ]
        ]
      },
      "id": "way/352714456"
    },
    {
      "type": "Feature",
      "properties": {
        "@id": "way/352714457",
        "building": "apartments"
      },
      "geometry": {
        "type": "Polygon",
        "coordinates": [
          [
            [
              77.5979197,
              12.9747883
            ],
            [
              77.5980974,
              12.9748453
            ],
            [
              77.5980265,
              12.975055
            ],
            [
              77.5978489,
              12.974998
            ],
            [
              77.5979197,
              12.9747883
            ]
          ]
        ]
      },
      "id": "way/352714457"
    },
    {
      "type": "Feature",
      "properties": {
        "@id": "way/352714458",
        "building": "apartments",
        "building:levels": "4"
      },
      "geometry": {
        "type": "Polygon",
        "coordinates": [
          [
            [
              77.5980612,
              12.9742532
            ],
            [
              77.5983232,
              12.9743397
            ],
            [
              77.5982782,
              12.9744691
            ],
            [
              77.5980162,
              12.9743825
            ],
            [
              77.5980612,
              12.9742532
            ]
          ]
        ]
      },
      "id": "way/352714458"
    },
    {
      "type": "Feature",
      "properties": {
        "@id": "way/352714464",
        "building": "yes"
      },
      "geometry": {
        "type": "Polygon",
        "coordinates": [
          [
            [
              77.597591,
              12.9746958
            ],
            [
              77.5976611,
              12.974548
            ],
            [
              77.5978908,
              12.9746515
            ],
            [
              77.5978207,
              12.9747992
            ],
            [
              77.597591,
              12.9746958
            ]
          ]
        ]
      },
      "id": "way/352714464"
    },
    {
      "type": "Feature",
      "properties": {
        "@id": "way/352714465",
        "building": "house"
      },
      "geometry": {
        "type": "Polygon",
        "coordinates": [
          [
            [
              77.5979818,
              12.9737251
            ],
            [
              77.5979861,
              12.973591
            ],
            [
              77.5981411,
              12.9735958
            ],
            [
              77.5981367,
              12.9737299
            ],
            [
              77.5979818,
              12.9737251
            ]
          ]
        ]
      },
      "id": "way/352714465"
    },
    {
      "type": "Feature",
      "properties": {
        "@id": "way/352714466",
        "building": "yes"
      },
      "geometry": {
        "type": "Polygon",
        "coordinates": [
          [
            [
              77.5978456,
              12.9737381
            ],
            [
              77.5977494,
              12.9737372
            ],
            [
              77.5977512,
              12.9735622
            ],
            [
              77.5978474,
              12.9735631
            ],
            [
              77.5978456,
              12.9737381
            ]
          ]
        ]
      },
      "id": "way/352714466"
    },
    {
      "type": "Feature",
      "properties": {
        "@id": "way/352714468",
        "building": "apartments"
      },
      "geometry": {
        "type": "Polygon",
        "coordinates": [
          [
            [
              77.5966508,
              12.9737928
            ],
            [
              77.5967318,
              12.9736639
            ],
            [
              77.5967679,
              12.9736855
            ],
            [
              77.5967608,
              12.9736968
            ],
            [
              77.5968313,
              12.9737389
            ],
            [
              77.5968248,
              12.9737492
            ],
            [
              77.5968619,
              12.9737713
            ],
            [
              77.5968498,
              12.9737906
            ],
            [
              77.596908,
              12.9738253
            ],
            [
              77.5968698,
              12.9738861
            ],
            [
              77.5968491,
              12.9738737
            ],
            [
              77.596832,
              12.973901
            ],
            [
              77.5967863,
              12.9738737
            ],
            [
              77.5967791,
              12.9738851
            ],
            [
              77.5967405,
              12.9738621
            ],
            [
              77.5967477,
              12.9738507
            ],
            [
              77.5966508,
              12.9737928
            ]
          ]
        ]
      },
      "id": "way/352714468"
    },
    {
      "type": "Feature",
      "properties": {
        "@id": "way/352714473",
        "building": "apartments",
        "name": "Regency Chateau"
      },
      "geometry": {
        "type": "Polygon",
        "coordinates": [
          [
            [
              77.5977599,
              12.9741408
            ],
            [
              77.5978027,
              12.9740465
            ],
            [
              77.5977775,
              12.9740356
            ],
            [
              77.5978121,
              12.9739593
            ],
            [
              77.5980637,
              12.9740679
            ],
            [
              77.5979862,
              12.9742384
            ],
            [
              77.5977599,
              12.9741408
            ]
          ]
        ]
      },
      "id": "way/352714473"
    },
    {
      "type": "Feature",
      "properties": {
        "@id": "way/352714481",
        "building": "yes"
      },
      "geometry": {
        "type": "Polygon",
        "coordinates": [
          [
            [
              77.5983985,
              12.9739832
            ],
            [
              77.5981336,
              12.9738677
            ],
            [
              77.5981759,
              12.9737526
            ],
            [
              77.5984083,
              12.9738428
            ],
            [
              77.5983985,
              12.9739832
            ]
          ]
        ]
      },
      "id": "way/352714481"
    },
    {
      "type": "Feature",
      "properties": {
        "@id": "way/352714482",
        "building": "yes"
      },
      "geometry": {
        "type": "Polygon",
        "coordinates": [
          [
            [
              77.5981091,
              12.9739755
            ],
            [
              77.5981423,
              12.9738961
            ],
            [
              77.5983799,
              12.9739905
            ],
            [
              77.5983467,
              12.9740698
            ],
            [
              77.5981091,
              12.9739755
            ]
          ]
        ]
      },
      "id": "way/352714482"
    },
    {
      "type": "Feature",
      "properties": {
        "@id": "way/352714483",
        "building": "apartments"
      },
      "geometry": {
        "type": "Polygon",
        "coordinates": [
          [
            [
              77.5984946,
              12.9751051
            ],
            [
              77.5983736,
              12.9749116
            ],
            [
              77.5986309,
              12.9747588
            ],
            [
              77.598752,
              12.9749522
            ],
            [
              77.5984946,
              12.9751051
            ]
          ]
        ]
      },
      "id": "way/352714483"
    },
    {
      "type": "Feature",
      "properties": {
        "@id": "way/352714484",
        "addr:housenumber": "3",
        "addr:street": "casa lavelle",
        "building": "apartments"
      },
      "geometry": {
        "type": "Polygon",
        "coordinates": [
          [
            [
              77.597955,
              12.9747443
            ],
            [
              77.5980224,
              12.9744915
            ],
            [
              77.5981892,
              12.9745337
            ],
            [
              77.5981219,
              12.9747865
            ],
            [
              77.597955,
              12.9747443
            ]
          ]
        ]
      },
      "id": "way/352714484"
    },
    {
      "type": "Feature",
      "properties": {
        "@id": "way/352714486",
        "building": "yes"
      },
      "geometry": {
        "type": "Polygon",
        "coordinates": [
          [
            [
              77.5978529,
              12.9737272
            ],
            [
              77.5978529,
              12.9735562
            ],
            [
              77.5979482,
              12.9735562
            ],
            [
              77.5979482,
              12.9737272
            ],
            [
              77.5978529,
              12.9737272
            ]
          ]
        ]
      },
      "id": "way/352714486"
    },
    {
      "type": "Feature",
      "properties": {
        "@id": "way/352714488",
        "building": "apartments"
      },
      "geometry": {
        "type": "Polygon",
        "coordinates": [
          [
            [
              77.5973835,
              12.9736915
            ],
            [
              77.5974186,
              12.9736337
            ],
            [
              77.5975496,
              12.9735889
            ],
            [
              77.5976444,
              12.9736333
            ],
            [
              77.5976827,
              12.9737611
            ],
            [
              77.5976855,
              12.9737796
            ],
            [
              77.5976628,
              12.9738173
            ],
            [
              77.5973835,
              12.9736915
            ]
          ]
        ]
      },
      "id": "way/352714488"
    },
    {
      "type": "Feature",
      "properties": {
        "@id": "way/363444101",
        "building": "yes",
        "operator": "BMRCL"
      },
      "geometry": {
        "type": "Polygon",
        "coordinates": [
          [
            [
              77.5973719,
              12.9811831
            ],
            [
              77.5972736,
              12.9813446
            ],
            [
              77.5972439,
              12.9813285
            ],
            [
              77.5972167,
              12.9813117
            ],
            [
              77.597315,
              12.9811501
            ],
            [
              77.5973408,
              12.9811666
            ],
            [
              77.5973719,
              12.9811831
            ]
          ]
        ]
      },
      "id": "way/363444101"
    },
    {
      "type": "Feature",
      "properties": {
        "@id": "way/363444103",
        "addr:city": "Bengaluru",
        "addr:postcode": "560001",
        "addr:street": "Cubbon Rd, Ambedkar Veedhi, Shivaji Nagar",
        "building": "yes",
        "name": "Cubbon Park Metro Entrance",
        "operator": "BMRCL"
      },
      "geometry": {
        "type": "Polygon",
        "coordinates": [
          [
            [
              77.5969327,
              12.9809255
            ],
            [
              77.5969463,
              12.9809639
            ],
            [
              77.5969609,
              12.9810045
            ],
            [
              77.5968067,
              12.9810568
            ],
            [
              77.5967863,
              12.9810038
            ],
            [
              77.5967735,
              12.9809679
            ],
            [
              77.5969327,
              12.9809255
            ]
          ]
        ]
      },
      "id": "way/363444103"
    },
    {
      "type": "Feature",
      "properties": {
        "@id": "way/364528078",
        "building": "commercial",
        "building:levels": "11",
        "building:material": "glass",
        "building:part": "yes",
        "height": "60",
        "name": "Comet"
      },
      "geometry": {
        "type": "Polygon",
        "coordinates": [
          [
            [
              77.5966064,
              12.9718326
            ],
            [
              77.5966685,
              12.9719684
            ],
            [
              77.596627,
              12.9719865
            ],
            [
              77.5966539,
              12.9719892
            ],
            [
              77.5966879,
              12.972007
            ],
            [
              77.5967123,
              12.9720361
            ],
            [
              77.5967234,
              12.9720721
            ],
            [
              77.5967195,
              12.9721095
            ],
            [
              77.5967012,
              12.9721426
            ],
            [
              77.5966713,
              12.9721664
            ],
            [
              77.5966344,
              12.9721772
            ],
            [
              77.596596,
              12.9721734
            ],
            [
              77.5965837,
              12.9721973
            ],
            [
              77.5965667,
              12.9722027
            ],
            [
              77.5965425,
              12.9722134
            ],
            [
              77.5965124,
              12.9722263
            ],
            [
              77.5961922,
              12.9723653
            ],
            [
              77.5961055,
              12.9721757
            ],
            [
              77.5964462,
              12.9720277
            ],
            [
              77.5963982,
              12.9719229
            ],
            [
              77.5964724,
              12.9718907
            ],
            [
              77.5966064,
              12.9718326
            ]
          ]
        ]
      },
      "id": "way/364528078"
    },
    {
      "type": "Feature",
      "properties": {
        "@id": "way/370390347",
        "building": "church",
        "building:architecture": "gothic",
        "building:colour": "red",
        "building:material": "brick",
        "height": "13"
      },
      "geometry": {
        "type": "Polygon",
        "coordinates": [
          [
            [
              77.6042237,
              12.979077
            ],
            [
              77.6043628,
              12.9794453
            ],
            [
              77.6042264,
              12.9794942
            ],
            [
              77.6040871,
              12.9791259
            ],
            [
              77.6042237,
              12.979077
            ]
          ]
        ]
      },
      "id": "way/370390347"
    },
    {
      "type": "Feature",
      "properties": {
        "@id": "way/372459454",
        "building": "yes"
      },
      "geometry": {
        "type": "Polygon",
        "coordinates": [
          [
            [
              77.6018032,
              12.9747373
            ],
            [
              77.6017986,
              12.9744346
            ],
            [
              77.6019415,
              12.9744326
            ],
            [
              77.6019461,
              12.9747352
            ],
            [
              77.6018032,
              12.9747373
            ]
          ]
        ]
      },
      "id": "way/372459454"
    },
    {
      "type": "Feature",
      "properties": {
        "@id": "way/372459455",
        "building": "yes"
      },
      "geometry": {
        "type": "Polygon",
        "coordinates": [
          [
            [
              77.6017707,
              12.9744546
            ],
            [
              77.6017751,
              12.9745069
            ],
            [
              77.601763,
              12.9745076
            ],
            [
              77.6017949,
              12.9747394
            ],
            [
              77.6016222,
              12.974752
            ],
            [
              77.6015866,
              12.9744808
            ],
            [
              77.6017707,
              12.9744546
            ]
          ]
        ]
      },
      "id": "way/372459455"
    },
    {
      "type": "Feature",
      "properties": {
        "@id": "way/372502294",
        "addr:city": "Bangalore",
        "addr:country": "IN",
        "addr:housename": "Cobalt Building",
        "addr:housenumber": "46/1",
        "addr:postcode": "560001",
        "addr:street": "Church Street",
        "addr:suburb": "Ashok Nagar",
        "architect": "Venkataramanan Associates",
        "building": "commercial",
        "building:levels": "7",
        "building:material": "cement_block",
        "name": "Cobalt Building",
        "official_name": "Chandrashekar Complex",
        "roof:shape": "flat",
        "smoking": "isolated"
      },
      "geometry": {
        "type": "Polygon",
        "coordinates": [
          [
            [
              77.6026149,
              12.9758009
            ],
            [
              77.6026347,
              12.975617
            ],
            [
              77.6027619,
              12.9755911
            ],
            [
              77.6027714,
              12.9755904
            ],
            [
              77.6027541,
              12.9757957
            ],
            [
              77.6026149,
              12.9758009
            ]
          ]
        ]
      },
      "id": "way/372502294"
    },
    {
      "type": "Feature",
      "properties": {
        "@id": "way/372502404",
        "building": "commercial",
        "name": "Sai Complex"
      },
      "geometry": {
        "type": "Polygon",
        "coordinates": [
          [
            [
              77.6025934,
              12.9759948
            ],
            [
              77.6025956,
              12.9759382
            ],
            [
              77.6026138,
              12.9758043
            ],
            [
              77.6026964,
              12.9758007
            ],
            [
              77.602691,
              12.9760005
            ],
            [
              77.6025934,
              12.9759948
            ]
          ]
        ]
      },
      "id": "way/372502404"
    },
    {
      "type": "Feature",
      "properties": {
        "@id": "way/372503377",
        "building": "commercial",
        "building:levels": "7"
      },
      "geometry": {
        "type": "Polygon",
        "coordinates": [
          [
            [
              77.6025813,
              12.9762127
            ],
            [
              77.6025932,
              12.9759998
            ],
            [
              77.6026868,
              12.9760038
            ],
            [
              77.6026724,
              12.9762292
            ],
            [
              77.6025909,
              12.9762251
            ],
            [
              77.6025813,
              12.9762127
            ]
          ]
        ]
      },
      "id": "way/372503377"
    },
    {
      "type": "Feature",
      "properties": {
        "@id": "way/372503632",
        "addr:housename": "Nitesh",
        "building": "commercial",
        "building:levels": "2",
        "building:material": "stone"
      },
      "geometry": {
        "type": "Polygon",
        "coordinates": [
          [
            [
              77.6030672,
              12.9760253
            ],
            [
              77.6030938,
              12.9761554
            ],
            [
              77.6029999,
              12.9761736
            ],
            [
              77.6029733,
              12.9760435
            ],
            [
              77.6030672,
              12.9760253
            ]
          ]
        ]
      },
      "id": "way/372503632"
    },
    {
      "type": "Feature",
      "properties": {
        "@id": "way/372508007",
        "building": "commercial",
        "building:levels": "2",
        "name": "Coir Bhavan",
        "office": "government"
      },
      "geometry": {
        "type": "Polygon",
        "coordinates": [
          [
            [
              77.6019892,
              12.9759591
            ],
            [
              77.6021181,
              12.975924
            ],
            [
              77.6022092,
              12.9762424
            ],
            [
              77.6020804,
              12.9762775
            ],
            [
              77.6019892,
              12.9759591
            ]
          ]
        ]
      },
      "id": "way/372508007"
    },
    {
      "type": "Feature",
      "properties": {
        "@id": "way/372861582",
        "access": "permissive",
        "amenity": "parking",
        "building": "commercial",
        "building:part": "yes",
        "height": "10",
        "parking": "surface"
      },
      "geometry": {
        "type": "Polygon",
        "coordinates": [
          [
            [
              77.5956761,
              12.9727138
            ],
            [
              77.5957221,
              12.9726808
            ],
            [
              77.5957696,
              12.9726587
            ],
            [
              77.5958222,
              12.972645
            ],
            [
              77.5958777,
              12.9726426
            ],
            [
              77.5959334,
              12.9726504
            ],
            [
              77.5959839,
              12.9726681
            ],
            [
              77.5960313,
              12.972697
            ],
            [
              77.596072,
              12.9727312
            ],
            [
              77.5961058,
              12.972775
            ],
            [
              77.5961286,
              12.9728223
            ],
            [
              77.5961425,
              12.9728758
            ],
            [
              77.5961451,
              12.9729277
            ],
            [
              77.5961368,
              12.9729816
            ],
            [
              77.596119,
              12.9730311
            ],
            [
              77.5960923,
              12.973077
            ],
            [
              77.5960542,
              12.973117
            ],
            [
              77.5960134,
              12.9731485
            ],
            [
              77.5959607,
              12.9731721
            ],
            [
              77.5959055,
              12.9731864
            ],
            [
              77.5958526,
              12.9731882
            ],
            [
              77.5957998,
              12.973181
            ],
            [
              77.5957464,
              12.9731628
            ],
            [
              77.5957031,
              12.9731376
            ],
            [
              77.5956583,
              12.9730996
            ],
            [
              77.5956264,
              12.9730585
            ],
            [
              77.5956017,
              12.9730085
            ],
            [
              77.5955885,
              12.9729599
            ],
            [
              77.5955852,
              12.9729031
            ],
            [
              77.5955931,
              12.9728455
            ],
            [
              77.5956113,
              12.9727997
            ],
            [
              77.5956398,
              12.9727512
            ],
            [
              77.5956761,
              12.9727138
            ]
          ]
        ]
      },
      "id": "way/372861582"
    },
    {
      "type": "Feature",
      "properties": {
        "@id": "way/373431282",
        "building": "commercial",
        "building:levels": "20",
        "building:material": "glass",
        "building:part": "yes",
        "height": "60",
        "name": "Concorde",
        "wikimedia_commons": "File:Concorde Tower Bangalore.jpg"
      },
      "geometry": {
        "type": "Polygon",
        "coordinates": [
          [
            [
              77.5957922,
              12.971952
            ],
            [
              77.5957767,
              12.9719868
            ],
            [
              77.5957345,
              12.9719782
            ],
            [
              77.595641,
              12.9720198
            ],
            [
              77.5955861,
              12.9720435
            ],
            [
              77.5955645,
              12.9719971
            ],
            [
              77.595534,
              12.9720105
            ],
            [
              77.5954642,
              12.97186
            ],
            [
              77.5954807,
              12.9718527
            ],
            [
              77.5954568,
              12.9718011
            ],
            [
              77.5955691,
              12.9717529
            ],
            [
              77.5956153,
              12.9716526
            ],
            [
              77.5957336,
              12.971695
            ],
            [
              77.5958219,
              12.971652
            ],
            [
              77.5958147,
              12.9717508
            ],
            [
              77.595855,
              12.9717601
            ],
            [
              77.5958395,
              12.9718021
            ],
            [
              77.5958812,
              12.9718969
            ],
            [
              77.5958873,
              12.9719092
            ],
            [
              77.5957922,
              12.971952
            ]
          ]
        ]
      },
      "id": "way/373431282"
    },
    {
      "type": "Feature",
      "properties": {
        "@id": "way/473575821",
        "building": "yes"
      },
      "geometry": {
        "type": "Polygon",
        "coordinates": [
          [
            [
              77.5993739,
              12.981343
            ],
            [
              77.5993181,
              12.981159
            ],
            [
              77.5994235,
              12.9811286
            ],
            [
              77.5994793,
              12.9813127
            ],
            [
              77.5993739,
              12.981343
            ]
          ]
        ]
      },
      "id": "way/473575821"
    },
    {
      "type": "Feature",
      "properties": {
        "@id": "way/473575822",
        "building": "yes"
      },
      "geometry": {
        "type": "Polygon",
        "coordinates": [
          [
            [
              77.5995576,
              12.9814645
            ],
            [
              77.5995076,
              12.9812992
            ],
            [
              77.5995871,
              12.9812763
            ],
            [
              77.5996372,
              12.9814416
            ],
            [
              77.5995576,
              12.9814645
            ]
          ]
        ]
      },
      "id": "way/473575822"
    },
    {
      "type": "Feature",
      "properties": {
        "@id": "way/473575823",
        "building": "yes"
      },
      "geometry": {
        "type": "Polygon",
        "coordinates": [
          [
            [
              77.5987369,
              12.9813717
            ],
            [
              77.5986587,
              12.9811137
            ],
            [
              77.5987838,
              12.9810777
            ],
            [
              77.598862,
              12.9813357
            ],
            [
              77.5987369,
              12.9813717
            ]
          ]
        ]
      },
      "id": "way/473575823"
    },
    {
      "type": "Feature",
      "properties": {
        "@id": "way/474654133",
        "building": "commercial",
        "name": "Lavelle Heights"
      },
      "geometry": {
        "type": "Polygon",
        "coordinates": [
          [
            [
              77.5980228,
              12.9717718
            ],
            [
              77.5979864,
              12.9715812
            ],
            [
              77.5980214,
              12.9715589
            ],
            [
              77.5981672,
              12.9717307
            ],
            [
              77.5981495,
              12.9717534
            ],
            [
              77.5980228,
              12.9717718
            ]
          ]
        ]
      },
      "id": "way/474654133"
    },
    {
      "type": "Feature",
      "properties": {
        "@id": "way/474654134",
        "addr:city": "Bengaluru",
        "addr:country": "IN",
        "addr:housenumber": "3",
        "addr:postcode": "560001",
        "addr:street": "Walton Road",
        "addr:suburb": "Shanthala Nagar",
        "building": "apartments",
        "building:levels": "4",
        "full_name": "Prestige Lyndhurst",
        "name": "Lyndhurst"
      },
      "geometry": {
        "type": "Polygon",
        "coordinates": [
          [
            [
              77.5979237,
              12.972041
            ],
            [
              77.5978995,
              12.9718469
            ],
            [
              77.598144,
              12.9718179
            ],
            [
              77.5981682,
              12.972012
            ],
            [
              77.5979237,
              12.972041
            ]
          ]
        ]
      },
      "id": "way/474654134"
    },
    {
      "type": "Feature",
      "properties": {
        "@id": "way/474654135",
        "addr:city": "Bengaluru",
        "addr:housenumber": "2/2",
        "addr:street": "Walton Road",
        "building": "yes"
      },
      "geometry": {
        "type": "Polygon",
        "coordinates": [
          [
            [
              77.5979151,
              12.9722287
            ],
            [
              77.5978988,
              12.9721055
            ],
            [
              77.598078,
              12.972083
            ],
            [
              77.5980943,
              12.9722062
            ],
            [
              77.5979151,
              12.9722287
            ]
          ]
        ]
      },
      "id": "way/474654135"
    },
    {
      "type": "Feature",
      "properties": {
        "@id": "way/474654136",
        "building": "yes"
      },
      "geometry": {
        "type": "Polygon",
        "coordinates": [
          [
            [
              77.598136,
              12.9723488
            ],
            [
              77.5979536,
              12.9723732
            ],
            [
              77.5979348,
              12.9722402
            ],
            [
              77.5981173,
              12.9722158
            ],
            [
              77.598136,
              12.9723488
            ]
          ]
        ]
      },
      "id": "way/474654136"
    },
    {
      "type": "Feature",
      "properties": {
        "@id": "way/474654138",
        "building": "yes"
      },
      "geometry": {
        "type": "Polygon",
        "coordinates": [
          [
            [
              77.5982381,
              12.9723146
            ],
            [
              77.5981469,
              12.9723267
            ],
            [
              77.5981137,
              12.9720901
            ],
            [
              77.5982049,
              12.972078
            ],
            [
              77.5982381,
              12.9723146
            ]
          ]
        ]
      },
      "id": "way/474654138"
    },
    {
      "type": "Feature",
      "properties": {
        "@id": "way/474654139",
        "building": "commercial"
      },
      "geometry": {
        "type": "Polygon",
        "coordinates": [
          [
            [
              77.5981999,
              12.9720298
            ],
            [
              77.5981825,
              12.9718458
            ],
            [
              77.5982713,
              12.9718378
            ],
            [
              77.5982752,
              12.9718781
            ],
            [
              77.5983204,
              12.971874
            ],
            [
              77.598327,
              12.9719436
            ],
            [
              77.5982417,
              12.9719513
            ],
            [
              77.5982488,
              12.9720254
            ],
            [
              77.5981999,
              12.9720298
            ]
          ]
        ]
      },
      "id": "way/474654139"
    },
    {
      "type": "Feature",
      "properties": {
        "@id": "way/474654141",
        "building": "commercial"
      },
      "geometry": {
        "type": "Polygon",
        "coordinates": [
          [
            [
              77.5978939,
              12.9717893
            ],
            [
              77.5978665,
              12.9715859
            ],
            [
              77.597973,
              12.9715722
            ],
            [
              77.5980004,
              12.9717757
            ],
            [
              77.5978939,
              12.9717893
            ]
          ]
        ]
      },
      "id": "way/474654141"
    },
    {
      "type": "Feature",
      "properties": {
        "@id": "way/474657505",
        "building": "apartments",
        "building:levels": "5"
      },
      "geometry": {
        "type": "Polygon",
        "coordinates": [
          [
            [
              77.5987354,
              12.9720471
            ],
            [
              77.5990789,
              12.9719624
            ],
            [
              77.5991722,
              12.9720192
            ],
            [
              77.599077,
              12.9721677
            ],
            [
              77.5989959,
              12.9721183
            ],
            [
              77.5989944,
              12.9721429
            ],
            [
              77.5989755,
              12.9721593
            ],
            [
              77.5989523,
              12.9721542
            ],
            [
              77.5989335,
              12.9721323
            ],
            [
              77.5988867,
              12.9722129
            ],
            [
              77.5986992,
              12.9721096
            ],
            [
              77.5987354,
              12.9720471
            ]
          ]
        ]
      },
      "id": "way/474657505"
    },
    {
      "type": "Feature",
      "properties": {
        "@id": "way/506310560",
        "building": "service"
      },
      "geometry": {
        "type": "Polygon",
        "coordinates": [
          [
            [
              77.5969246,
              12.981575
            ],
            [
              77.5969153,
              12.9815901
            ],
            [
              77.5968827,
              12.9816105
            ],
            [
              77.5968276,
              12.981626
            ],
            [
              77.5967704,
              12.9816221
            ],
            [
              77.5967181,
              12.9815994
            ],
            [
              77.5966749,
              12.981558
            ],
            [
              77.5966508,
              12.9815073
            ],
            [
              77.5966459,
              12.9814516
            ],
            [
              77.5966609,
              12.9813977
            ],
            [
              77.5967233,
              12.9814265
            ],
            [
              77.5967407,
              12.9813913
            ],
            [
              77.5967859,
              12.981357
            ],
            [
              77.5968318,
              12.9813412
            ],
            [
              77.5968891,
              12.9813402
            ],
            [
              77.5969429,
              12.9813758
            ],
            [
              77.5969733,
              12.9814067
            ],
            [
              77.5969932,
              12.9814633
            ],
            [
              77.5969927,
              12.9815249
            ],
            [
              77.5969619,
              12.9815928
            ],
            [
              77.5969246,
              12.981575
            ]
          ]
        ]
      },
      "id": "way/506310560"
    },
    {
      "type": "Feature",
      "properties": {
        "@id": "way/508711044",
        "building": "yes"
      },
      "geometry": {
        "type": "Polygon",
        "coordinates": [
          [
            [
              77.5980516,
              12.9805024
            ],
            [
              77.5980347,
              12.9804549
            ],
            [
              77.5981504,
              12.9804159
            ],
            [
              77.5981672,
              12.9804634
            ],
            [
              77.5980516,
              12.9805024
            ]
          ]
        ]
      },
      "id": "way/508711044"
    },
    {
      "type": "Feature",
      "properties": {
        "@id": "way/508711045",
        "building": "yes"
      },
      "geometry": {
        "type": "Polygon",
        "coordinates": [
          [
            [
              77.5979845,
              12.9805635
            ],
            [
              77.5979263,
              12.9805838
            ],
            [
              77.5979284,
              12.9805894
            ],
            [
              77.5978819,
              12.9806056
            ],
            [
              77.5978645,
              12.9805581
            ],
            [
              77.5978812,
              12.9805523
            ],
            [
              77.5978634,
              12.980504
            ],
            [
              77.5979154,
              12.9804859
            ],
            [
              77.5979268,
              12.980517
            ],
            [
              77.597945,
              12.9805106
            ],
            [
              77.5979533,
              12.9805333
            ],
            [
              77.5979711,
              12.9805271
            ],
            [
              77.5979845,
              12.9805635
            ]
          ]
        ]
      },
      "id": "way/508711045"
    },
    {
      "type": "Feature",
      "properties": {
        "@id": "way/508711053",
        "building": "yes",
        "operator": "BMRCL"
      },
      "geometry": {
        "type": "Polygon",
        "coordinates": [
          [
            [
              77.5966166,
              12.9810947
            ],
            [
              77.5965402,
              12.9811182
            ],
            [
              77.5965234,
              12.9810665
            ],
            [
              77.5965998,
              12.981043
            ],
            [
              77.5966166,
              12.9810947
            ]
          ]
        ]
      },
      "id": "way/508711053"
    },
    {
      "type": "Feature",
      "properties": {
        "@id": "way/508711058",
        "building": "yes",
        "operator": "BMRCL"
      },
      "geometry": {
        "type": "Polygon",
        "coordinates": [
          [
            [
              77.5981481,
              12.9808053
            ],
            [
              77.5983552,
              12.9807351
            ],
            [
              77.5983643,
              12.9807608
            ],
            [
              77.5983738,
              12.9807874
            ],
            [
              77.5981668,
              12.9808578
            ],
            [
              77.5981481,
              12.9808053
            ]
          ]
        ]
      },
      "id": "way/508711058"
    },
    {
      "type": "Feature",
      "properties": {
        "@id": "way/508711059",
        "building": "yes",
        "operator": "BMRCL"
      },
      "geometry": {
        "type": "Polygon",
        "coordinates": [
          [
            [
              77.597819,
              12.9804115
            ],
            [
              77.5979049,
              12.9802354
            ],
            [
              77.5979516,
              12.980257
            ],
            [
              77.5980102,
              12.9802841
            ],
            [
              77.5979243,
              12.9804603
            ],
            [
              77.597819,
              12.9804115
            ]
          ]
        ]
      },
      "id": "way/508711059"
    },
    {
      "type": "Feature",
      "properties": {
        "@id": "way/627979887",
        "building": "yes",
        "building:levels": "3",
        "name": "Bren Center",
        "roof:levels": "1"
      },
      "geometry": {
        "type": "Polygon",
        "coordinates": [
          [
            [
              77.5991758,
              12.9738368
            ],
            [
              77.5991835,
              12.9736636
            ],
            [
              77.5992739,
              12.973668
            ],
            [
              77.5992731,
              12.9736795
            ],
            [
              77.5992811,
              12.9736912
            ],
            [
              77.5992838,
              12.9737059
            ],
            [
              77.5993003,
              12.9737064
            ],
            [
              77.5992988,
              12.9737352
            ],
            [
              77.5993077,
              12.9737376
            ],
            [
              77.5993065,
              12.9737718
            ],
            [
              77.5993176,
              12.9737727
            ],
            [
              77.5993149,
              12.9738007
            ],
            [
              77.5993268,
              12.9738031
            ],
            [
              77.5993259,
              12.9738393
            ],
            [
              77.5991758,
              12.9738368
            ]
          ]
        ]
      },
      "id": "way/627979887"
    },
    {
      "type": "Feature",
      "properties": {
        "@id": "way/627979888",
        "addr:city": "Bengaluru",
        "addr:housenumber": "28",
        "addr:postcode": "560001",
        "addr:street": "7th Cross Rd",
        "brand": "Porsche",
        "brand:wikidata": "Q40993",
        "building": "commercial",
        "building:levels": "4",
        "was:shop": "car"
      },
      "geometry": {
        "type": "Polygon",
        "coordinates": [
          [
            [
              77.5991893,
              12.9739865
            ],
            [
              77.5991883,
              12.9738628
            ],
            [
              77.5993458,
              12.9738594
            ],
            [
              77.5993549,
              12.9739772
            ],
            [
              77.5991893,
              12.9739865
            ]
          ]
        ]
      },
      "id": "way/627979888"
    },
    {
      "type": "Feature",
      "properties": {
        "@id": "way/627979889",
        "building": "office",
        "name": "Vaishnavi Classic"
      },
      "geometry": {
        "type": "Polygon",
        "coordinates": [
          [
            [
              77.5987997,
              12.9735085
            ],
            [
              77.598809,
              12.9733272
            ],
            [
              77.5990117,
              12.9733472
            ],
            [
              77.598995,
              12.9735266
            ],
            [
              77.5987997,
              12.9735085
            ]
          ]
        ]
      },
      "id": "way/627979889"
    },
    {
      "type": "Feature",
      "properties": {
        "@id": "way/705669231",
        "building": "apartments",
        "building:levels": "12"
      },
      "geometry": {
        "type": "Polygon",
        "coordinates": [
          [
            [
              77.5989265,
              12.9752352
            ],
            [
              77.5991698,
              12.9749301
            ],
            [
              77.5993106,
              12.9750366
            ],
            [
              77.5990673,
              12.9753418
            ],
            [
              77.5989265,
              12.9752352
            ]
          ]
        ]
      },
      "id": "way/705669231"
    },
    {
      "type": "Feature",
      "properties": {
        "@id": "way/705669232",
        "building": "industrial",
        "building:levels": "1"
      },
      "geometry": {
        "type": "Polygon",
        "coordinates": [
          [
            [
              77.6015036,
              12.9787215
            ],
            [
              77.601486,
              12.978577
            ],
            [
              77.6019849,
              12.9785195
            ],
            [
              77.6020025,
              12.978664
            ],
            [
              77.6015036,
              12.9787215
            ]
          ]
        ]
      },
      "id": "way/705669232"
    },
    {
      "type": "Feature",
      "properties": {
        "@id": "way/724588287",
        "air_conditioning": "yes",
        "building": "retail",
        "building:levels": "6",
        "building:levels:underground": "5"
      },
      "geometry": {
        "type": "Polygon",
        "coordinates": [
          [
            [
              77.6024652,
              12.9753765
            ],
            [
              77.6024433,
              12.9754045
            ],
            [
              77.6024271,
              12.9754192
            ],
            [
              77.6024169,
              12.9754285
            ],
            [
              77.6023911,
              12.9754457
            ],
            [
              77.602363,
              12.9754591
            ],
            [
              77.6021718,
              12.9755067
            ],
            [
              77.6018268,
              12.9755929
            ],
            [
              77.6018195,
              12.9755661
            ],
            [
              77.6017909,
              12.9754612
            ],
            [
              77.6017356,
              12.9752583
            ],
            [
              77.602323,
              12.9752296
            ],
            [
              77.6023436,
              12.9752235
            ],
            [
              77.6023619,
              12.9752126
            ],
            [
              77.6023772,
              12.9751968
            ],
            [
              77.6023878,
              12.9751776
            ],
            [
              77.6023927,
              12.9751564
            ],
            [
              77.6023858,
              12.9749094
            ],
            [
              77.6026073,
              12.974976
            ],
            [
              77.6024652,
              12.9753765
            ]
          ]
        ]
      },
      "id": "way/724588287"
    },
    {
      "type": "Feature",
      "properties": {
        "@id": "way/1027374086",
        "addr:city": "Bangalore",
        "addr:housenumber": "104",
        "addr:postcode": "560001",
        "addr:street": "3rd Floor, Infantry Techno Park, Infantry Road",
        "building": "commercial",
        "level": "3",
        "name": "OneOrigin India"
      },
      "geometry": {
        "type": "Polygon",
        "coordinates": [
          [
            [
              77.6040192,
              12.9801157
            ],
            [
              77.6039642,
              12.9800048
            ],
            [
              77.6039271,
              12.979907
            ],
            [
              77.6040798,
              12.9798491
            ],
            [
              77.6041561,
              12.9800781
            ],
            [
              77.6040192,
              12.9801157
            ]
          ]
        ]
      },
      "id": "way/1027374086"
    },
    {
      "type": "Feature",
      "properties": {
        "@id": "way/1035320472",
        "building": "house"
      },
      "geometry": {
        "type": "Polygon",
        "coordinates": [
          [
            [
              77.6042822,
              12.9749117
            ],
            [
              77.6043059,
              12.9750645
            ],
            [
              77.6042298,
              12.9750757
            ],
            [
              77.6042061,
              12.974923
            ],
            [
              77.6042822,
              12.9749117
            ]
          ]
        ]
      },
      "id": "way/1035320472"
    },
    {
      "type": "Feature",
      "properties": {
        "@id": "way/1066902636",
        "building": "commercial",
        "building:levels": "10"
      },
      "geometry": {
        "type": "Polygon",
        "coordinates": [
          [
            [
              77.603387,
              12.9803881
            ],
            [
              77.6033095,
              12.980172
            ],
            [
              77.6035714,
              12.9800828
            ],
            [
              77.6036489,
              12.9802989
            ],
            [
              77.603387,
              12.9803881
            ]
          ]
        ]
      },
      "id": "way/1066902636"
    },
    {
      "type": "Feature",
      "properties": {
        "@id": "way/1066902641",
        "addr:housename": "Prestige Central",
        "building": "commercial",
        "building:levels": "8"
      },
      "geometry": {
        "type": "Polygon",
        "coordinates": [
          [
            [
              77.6032054,
              12.9812033
            ],
            [
              77.6031495,
              12.9810518
            ],
            [
              77.603097,
              12.9809096
            ],
            [
              77.6034096,
              12.9808
            ],
            [
              77.603518,
              12.9810938
            ],
            [
              77.6032054,
              12.9812033
            ]
          ]
        ]
      },
      "id": "way/1066902641"
    },
    {
      "type": "Feature",
      "properties": {
        "@id": "way/1101543439",
        "building": "office",
        "building:levels": "10"
      },
      "geometry": {
        "type": "Polygon",
        "coordinates": [
          [
            [
              77.6013679,
              12.9805672
            ],
            [
              77.601278,
              12.9802946
            ],
            [
              77.601548,
              12.98021
            ],
            [
              77.6016379,
              12.9804826
            ],
            [
              77.6013679,
              12.9805672
            ]
          ]
        ]
      },
      "id": "way/1101543439"
    },
    {
      "type": "Feature",
      "properties": {
        "@id": "way/1106057232",
        "building": "yes"
      },
      "geometry": {
        "type": "Polygon",
        "coordinates": [
          [
            [
              77.60264,
              12.9731227
            ],
            [
              77.6026598,
              12.9729941
            ],
            [
              77.6027863,
              12.9730126
            ],
            [
              77.6027664,
              12.9731413
            ],
            [
              77.60264,
              12.9731227
            ]
          ]
        ]
      },
      "id": "way/1106057232"
    },
    {
      "type": "Feature",
      "properties": {
        "@id": "way/1106057234",
        "building": "yes"
      },
      "geometry": {
        "type": "Polygon",
        "coordinates": [
          [
            [
              77.6030346,
              12.9731076
            ],
            [
              77.6030413,
              12.9730182
            ],
            [
              77.6031506,
              12.973026
            ],
            [
              77.6031439,
              12.9731153
            ],
            [
              77.6030346,
              12.9731076
            ]
          ]
        ]
      },
      "id": "way/1106057234"
    },
    {
      "type": "Feature",
      "properties": {
        "@id": "way/1119219518",
        "building": "yes"
      },
      "geometry": {
        "type": "Polygon",
        "coordinates": [
          [
            [
              77.5998741,
              12.9728027
            ],
            [
              77.5997243,
              12.9728184
            ],
            [
              77.5996998,
              12.972821
            ],
            [
              77.5996694,
              12.9725463
            ],
            [
              77.5998438,
              12.972528
            ],
            [
              77.5998741,
              12.9728027
            ]
          ]
        ]
      },
      "id": "way/1119219518"
    },
    {
      "type": "Feature",
      "properties": {
        "@id": "way/1119219519",
        "building": "yes"
      },
      "geometry": {
        "type": "Polygon",
        "coordinates": [
          [
            [
              77.600082,
              12.9728785
            ],
            [
              77.5999546,
              12.9728942
            ],
            [
              77.599913,
              12.972573
            ],
            [
              77.6000404,
              12.9725573
            ],
            [
              77.600082,
              12.9728785
            ]
          ]
        ]
      },
      "id": "way/1119219519"
    },
    {
      "type": "Feature",
      "properties": {
        "@id": "way/1119219759",
        "building": "commercial",
        "building:levels": "3",
        "building:levels:underground": "1"
      },
      "geometry": {
        "type": "Polygon",
        "coordinates": [
          [
            [
              77.6046285,
              12.974982
            ],
            [
              77.6043881,
              12.975047
            ],
            [
              77.6043474,
              12.9746936
            ],
            [
              77.6045315,
              12.9746416
            ],
            [
              77.6046285,
              12.974982
            ]
          ]
        ]
      },
      "id": "way/1119219759"
    },
    {
      "type": "Feature",
      "properties": {
        "@id": "way/1119414333",
        "building": "commercial",
        "building:levels": "9",
        "building:levels:underground": "3",
        "height": "40"
      },
      "geometry": {
        "type": "Polygon",
        "coordinates": [
          [
            [
              77.6020124,
              12.973973
            ],
            [
              77.6016899,
              12.9739922
            ],
            [
              77.6016276,
              12.9736607
            ],
            [
              77.6015868,
              12.9734439
            ],
            [
              77.601975,
              12.9734234
            ],
            [
              77.6020124,
              12.973973
            ]
          ]
        ]
      },
      "id": "way/1119414333"
    },
    {
      "type": "Feature",
      "properties": {
        "@id": "way/1123304170",
        "building": "house"
      },
      "geometry": {
        "type": "Polygon",
        "coordinates": [
          [
            [
              77.6007036,
              12.9725616
            ],
            [
              77.6005952,
              12.9725688
            ],
            [
              77.6005826,
              12.9723893
            ],
            [
              77.6006909,
              12.9723821
            ],
            [
              77.6007036,
              12.9725616
            ]
          ]
        ]
      },
      "id": "way/1123304170"
    },
    {
      "type": "Feature",
      "properties": {
        "@id": "way/1124083558",
        "building": "yes",
        "building:levels": "4",
        "building:levels:underground": "1",
        "check_date": "2023-12-31",
        "fee": "yes",
        "museum": "art",
        "name": "Museum of Art and Photography",
        "operator:type": "private",
        "short_name": "MAP",
        "toilets": "yes",
        "tourism": "museum",
        "website": "https://map-india.org/",
        "wikidata": "Q85787143",
        "wikimedia_commons": "Category:Museum of Art and Photography",
        "wikipedia": "en:Museum of Art & Photography"
      },
      "geometry": {
        "type": "Polygon",
        "coordinates": [
          [
            [
              77.5968139,
              12.9747343
            ],
            [
              77.5967123,
              12.9746417
            ],
            [
              77.596744,
              12.9745829
            ],
            [
              77.596886,
              12.9743197
            ],
            [
              77.5969923,
              12.9743656
            ],
            [
              77.5968139,
              12.9747343
            ]
          ]
        ]
      },
      "id": "way/1124083558"
    },
    {
      "type": "Feature",
      "properties": {
        "@id": "way/1125334901",
        "building": "yes"
      },
      "geometry": {
        "type": "Polygon",
        "coordinates": [
          [
            [
              77.5969929,
              12.9730662
            ],
            [
              77.5969713,
              12.973008
            ],
            [
              77.5969868,
              12.9730025
            ],
            [
              77.596942,
              12.9728816
            ],
            [
              77.5970301,
              12.9728506
            ],
            [
              77.5970743,
              12.9729701
            ],
            [
              77.5970943,
              12.9729631
            ],
            [
              77.5971164,
              12.9730227
            ],
            [
              77.5969929,
              12.9730662
            ]
          ]
        ]
      },
      "id": "way/1125334901"
    },
    {
      "type": "Feature",
      "properties": {
        "@id": "way/1125334902",
        "building": "apartments",
        "building:levels": "33",
        "height": "122",
        "name": "Tower A",
        "wikimedia_commons": "File:Kingfisher Towers Bangalore.jpg"
      },
      "geometry": {
        "type": "Polygon",
        "coordinates": [
          [
            [
              77.59671,
              12.9728501
            ],
            [
              77.5968481,
              12.9728015
            ],
            [
              77.5968852,
              12.9729016
            ],
            [
              77.596942,
              12.9728816
            ],
            [
              77.5969868,
              12.9730025
            ],
            [
              77.5969713,
              12.973008
            ],
            [
              77.5969323,
              12.9730217
            ],
            [
              77.5969703,
              12.9731243
            ],
            [
              77.5968299,
              12.9731738
            ],
            [
              77.59671,
              12.9728501
            ]
          ]
        ]
      },
      "id": "way/1125334902"
    },
    {
      "type": "Feature",
      "properties": {
        "@id": "way/1125334903",
        "building": "apartments",
        "building:levels": "33",
        "height": "122",
        "name": "Tower C",
        "wikimedia_commons": "File:Kingfisher Towers Bangalore.jpg"
      },
      "geometry": {
        "type": "Polygon",
        "coordinates": [
          [
            [
              77.5973068,
              12.9730027
            ],
            [
              77.5971682,
              12.9730515
            ],
            [
              77.5971308,
              12.9729503
            ],
            [
              77.5970943,
              12.9729631
            ],
            [
              77.5970743,
              12.9729701
            ],
            [
              77.5970301,
              12.9728506
            ],
            [
              77.597085,
              12.9728313
            ],
            [
              77.5970469,
              12.9727284
            ],
            [
              77.5971869,
              12.9726791
            ],
            [
              77.597213,
              12.9727495
            ],
            [
              77.5972612,
              12.9728797
            ],
            [
              77.5973068,
              12.9730027
            ]
          ]
        ]
      },
      "id": "way/1125334903"
    },
    {
      "type": "Feature",
      "properties": {
        "@id": "way/1125334909",
        "building": "yes",
        "building:material": "glass",
        "building:part": "yes",
        "height": "60"
      },
      "geometry": {
        "type": "Polygon",
        "coordinates": [
          [
            [
              77.5966064,
              12.9718326
            ],
            [
              77.5964724,
              12.9718907
            ],
            [
              77.5964242,
              12.9717853
            ],
            [
              77.5965581,
              12.9717271
            ],
            [
              77.5966064,
              12.9718326
            ]
          ]
        ]
      },
      "id": "way/1125334909"
    },
    {
      "type": "Feature",
      "properties": {
        "@id": "way/1125334910",
        "building": "commercial",
        "building:levels": "18",
        "building:material": "glass",
        "building:part": "yes",
        "height": "60",
        "name": "Canberra"
      },
      "geometry": {
        "type": "Polygon",
        "coordinates": [
          [
            [
              77.5964242,
              12.9717853
            ],
            [
              77.5963759,
              12.9716799
            ],
            [
              77.596092,
              12.9718009
            ],
            [
              77.5960081,
              12.9716115
            ],
            [
              77.5959732,
              12.9715372
            ],
            [
              77.596322,
              12.9713855
            ],
            [
              77.5963562,
              12.9714591
            ],
            [
              77.5966095,
              12.9713473
            ],
            [
              77.5966978,
              12.9715375
            ],
            [
              77.5965095,
              12.9716208
            ],
            [
              77.5965581,
              12.9717271
            ],
            [
              77.5964242,
              12.9717853
            ]
          ]
        ]
      },
      "id": "way/1125334910"
    },
    {
      "type": "Feature",
      "properties": {
        "@id": "way/1125334913",
        "building": "yes"
      },
      "geometry": {
        "type": "Polygon",
        "coordinates": [
          [
            [
              77.596092,
              12.9718009
            ],
            [
              77.5959881,
              12.9718446
            ],
            [
              77.5959091,
              12.9718778
            ],
            [
              77.5958252,
              12.9716884
            ],
            [
              77.5959061,
              12.9716544
            ],
            [
              77.5960081,
              12.9716115
            ],
            [
              77.596092,
              12.9718009
            ]
          ]
        ]
      },
      "id": "way/1125334913"
    },
    {
      "type": "Feature",
      "properties": {
        "@id": "way/1126201532",
        "building": "yes"
      },
      "geometry": {
        "type": "Polygon",
        "coordinates": [
          [
            [
              77.6011998,
              12.975954
            ],
            [
              77.6011971,
              12.9759368
            ],
            [
              77.6011316,
              12.9759466
            ],
            [
              77.6011265,
              12.9759137
            ],
            [
              77.6011451,
              12.9759109
            ],
            [
              77.6011294,
              12.9758106
            ],
            [
              77.6012536,
              12.9757922
            ],
            [
              77.6012506,
              12.9757729
            ],
            [
              77.6012836,
              12.975768
            ],
            [
              77.6012895,
              12.975806
            ],
            [
              77.601282,
              12.9758071
            ],
            [
              77.6012952,
              12.9758914
            ],
            [
              77.6012442,
              12.975899
            ],
            [
              77.6012516,
              12.9759462
            ],
            [
              77.6011998,
              12.975954
            ]
          ]
        ]
      },
      "id": "way/1126201532"
    },
    {
      "type": "Feature",
      "properties": {
        "@id": "way/1126201533",
        "building": "yes"
      },
      "geometry": {
        "type": "Polygon",
        "coordinates": [
          [
            [
              77.6008431,
              12.9758246
            ],
            [
              77.6008335,
              12.9757007
            ],
            [
              77.6009968,
              12.9756888
            ],
            [
              77.6010344,
              12.9757182
            ],
            [
              77.6010419,
              12.9758106
            ],
            [
              77.6009755,
              12.9758155
            ],
            [
              77.6009703,
              12.9757481
            ],
            [
              77.600913,
              12.9757523
            ],
            [
              77.6009181,
              12.9758191
            ],
            [
              77.6008431,
              12.9758246
            ]
          ]
        ]
      },
      "id": "way/1126201533"
    },
    {
      "type": "Feature",
      "properties": {
        "@id": "way/1133630912",
        "building": "yes"
      },
      "geometry": {
        "type": "Polygon",
        "coordinates": [
          [
            [
              77.6028304,
              12.9802588
            ],
            [
              77.60277,
              12.9800736
            ],
            [
              77.6029126,
              12.9800359
            ],
            [
              77.6029712,
              12.980215
            ],
            [
              77.6028304,
              12.9802588
            ]
          ]
        ]
      },
      "id": "way/1133630912"
    },
    {
      "type": "Feature",
      "properties": {
        "@id": "way/1133630913",
        "building": "yes"
      },
      "geometry": {
        "type": "Polygon",
        "coordinates": [
          [
            [
              77.6027332,
              12.9798683
            ],
            [
              77.6026887,
              12.9797247
            ],
            [
              77.6028324,
              12.9796824
            ],
            [
              77.6028769,
              12.979826
            ],
            [
              77.602851,
              12.9798336
            ],
            [
              77.6027332,
              12.9798683
            ]
          ]
        ]
      },
      "id": "way/1133630913"
    },
    {
      "type": "Feature",
      "properties": {
        "@id": "way/1137187617",
        "building": "house",
        "building:levels": "2"
      },
      "geometry": {
        "type": "Polygon",
        "coordinates": [
          [
            [
              77.6032182,
              12.974269
            ],
            [
              77.6032249,
              12.9741971
            ],
            [
              77.6031892,
              12.974122
            ],
            [
              77.6032792,
              12.9740814
            ],
            [
              77.603335,
              12.9741991
            ],
            [
              77.6033275,
              12.9742787
            ],
            [
              77.6032182,
              12.974269
            ]
          ]
        ]
      },
      "id": "way/1137187617"
    },
    {
      "type": "Feature",
      "properties": {
        "@id": "way/1156298787",
        "building": "yes"
      },
      "geometry": {
        "type": "Polygon",
        "coordinates": [
          [
            [
              77.6000679,
              12.9716991
            ],
            [
              77.6000811,
              12.9716818
            ],
            [
              77.6000994,
              12.9716696
            ],
            [
              77.6001207,
              12.9716638
            ],
            [
              77.6001427,
              12.971665
            ],
            [
              77.6001632,
              12.9716732
            ],
            [
              77.6001799,
              12.9716873
            ],
            [
              77.6001913,
              12.9717066
            ],
            [
              77.6001954,
              12.9717286
            ],
            [
              77.6001917,
              12.9717506
            ],
            [
              77.6001807,
              12.9717702
            ],
            [
              77.6001636,
              12.971785
            ],
            [
              77.6001424,
              12.9717934
            ],
            [
              77.6001196,
              12.9717945
            ],
            [
              77.600095,
              12.9717866
            ],
            [
              77.6000753,
              12.9717704
            ],
            [
              77.6000633,
              12.9717482
            ],
            [
              77.6000607,
              12.9717232
            ],
            [
              77.6000679,
              12.9716991
            ]
          ]
        ]
      },
      "id": "way/1156298787"
    },
    {
      "type": "Feature",
      "properties": {
        "@id": "way/1184849337",
        "building": "yes"
      },
      "geometry": {
        "type": "Polygon",
        "coordinates": [
          [
            [
              77.5957729,
              12.980556
            ],
            [
              77.5957554,
              12.9804653
            ],
            [
              77.5957975,
              12.9804575
            ],
            [
              77.5958508,
              12.9804477
            ],
            [
              77.5958684,
              12.9805385
            ],
            [
              77.5957729,
              12.980556
            ]
          ]
        ]
      },
      "id": "way/1184849337"
    },
    {
      "type": "Feature",
      "properties": {
        "@id": "way/1188468889",
        "building": "yes"
      },
      "geometry": {
        "type": "Polygon",
        "coordinates": [
          [
            [
              77.602343,
              12.9741264
            ],
            [
              77.6023365,
              12.9739878
            ],
            [
              77.6024445,
              12.973983
            ],
            [
              77.6024509,
              12.9741216
            ],
            [
              77.602343,
              12.9741264
            ]
          ]
        ]
      },
      "id": "way/1188468889"
    },
    {
      "type": "Feature",
      "properties": {
        "@id": "way/1188468890",
        "building": "yes"
      },
      "geometry": {
        "type": "Polygon",
        "coordinates": [
          [
            [
              77.6021457,
              12.9742113
            ],
            [
              77.6021277,
              12.9739987
            ],
            [
              77.6022823,
              12.9739863
            ],
            [
              77.6023004,
              12.9741989
            ],
            [
              77.6021457,
              12.9742113
            ]
          ]
        ]
      },
      "id": "way/1188468890"
    },
    {
      "type": "Feature",
      "properties": {
        "@id": "way/1188468891",
        "building": "yes"
      },
      "geometry": {
        "type": "Polygon",
        "coordinates": [
          [
            [
              77.6022932,
              12.9735457
            ],
            [
              77.6021651,
              12.9735496
            ],
            [
              77.6021617,
              12.9734397
            ],
            [
              77.6022897,
              12.9734359
            ],
            [
              77.6022932,
              12.9735457
            ]
          ]
        ]
      },
      "id": "way/1188468891"
    },
    {
      "type": "Feature",
      "properties": {
        "@id": "way/1188468892",
        "building": "yes"
      },
      "geometry": {
        "type": "Polygon",
        "coordinates": [
          [
            [
              77.6024494,
              12.9738685
            ],
            [
              77.6021725,
              12.9738881
            ],
            [
              77.6021651,
              12.9737887
            ],
            [
              77.602442,
              12.9737692
            ],
            [
              77.6024494,
              12.9738685
            ]
          ]
        ]
      },
      "id": "way/1188468892"
    },
    {
      "type": "Feature",
      "properties": {
        "@id": "way/1188468893",
        "building": "yes"
      },
      "geometry": {
        "type": "Polygon",
        "coordinates": [
          [
            [
              77.6023189,
              12.9733497
            ],
            [
              77.6023151,
              12.9732119
            ],
            [
              77.6024204,
              12.9732091
            ],
            [
              77.6024242,
              12.9733469
            ],
            [
              77.6023189,
              12.9733497
            ]
          ]
        ]
      },
      "id": "way/1188468893"
    },
    {
      "type": "Feature",
      "properties": {
        "@id": "way/1188468894",
        "building": "yes"
      },
      "geometry": {
        "type": "Polygon",
        "coordinates": [
          [
            [
              77.6027768,
              12.9731613
            ],
            [
              77.6028021,
              12.9729941
            ],
            [
              77.6030262,
              12.9730263
            ],
            [
              77.6030008,
              12.9731936
            ],
            [
              77.6027768,
              12.9731613
            ]
          ]
        ]
      },
      "id": "way/1188468894"
    },
    {
      "type": "Feature",
      "properties": {
        "@id": "way/1188468895",
        "building": "yes"
      },
      "geometry": {
        "type": "Polygon",
        "coordinates": [
          [
            [
              77.5978556,
              12.9745861
            ],
            [
              77.5976943,
              12.9745194
            ],
            [
              77.5977305,
              12.9744362
            ],
            [
              77.5978918,
              12.9745028
            ],
            [
              77.5978556,
              12.9745861
            ]
          ]
        ]
      },
      "id": "way/1188468895"
    },
    {
      "type": "Feature",
      "properties": {
        "@id": "way/1188468896",
        "building": "house"
      },
      "geometry": {
        "type": "Polygon",
        "coordinates": [
          [
            [
              77.5973758,
              12.971847
            ],
            [
              77.5973596,
              12.9717071
            ],
            [
              77.5975374,
              12.9716876
            ],
            [
              77.5975536,
              12.9718275
            ],
            [
              77.5973758,
              12.971847
            ]
          ]
        ]
      },
      "id": "way/1188468896"
    },
    {
      "type": "Feature",
      "properties": {
        "@id": "way/1188468897",
        "addr:housenumber": "8",
        "addr:street": "Walton Road",
        "building": "apartments",
        "building:levels": "5",
        "name": "Regency Liguori"
      },
      "geometry": {
        "type": "Polygon",
        "coordinates": [
          [
            [
              77.5974163,
              12.9720579
            ],
            [
              77.5973924,
              12.9718817
            ],
            [
              77.5976928,
              12.971843
            ],
            [
              77.5977167,
              12.9720192
            ],
            [
              77.5974163,
              12.9720579
            ]
          ]
        ]
      },
      "id": "way/1188468897"
    },
    {
      "type": "Feature",
      "properties": {
        "@id": "way/1188468898",
        "building": "yes"
      },
      "geometry": {
        "type": "Polygon",
        "coordinates": [
          [
            [
              77.5978481,
              12.9731431
            ],
            [
              77.5978353,
              12.9730592
            ],
            [
              77.5978963,
              12.9730504
            ],
            [
              77.597909,
              12.9731344
            ],
            [
              77.5978481,
              12.9731431
            ]
          ]
        ]
      },
      "id": "way/1188468898"
    },
    {
      "type": "Feature",
      "properties": {
        "@id": "way/1188468899",
        "building": "yes"
      },
      "geometry": {
        "type": "Polygon",
        "coordinates": [
          [
            [
              77.5979782,
              12.9731271
            ],
            [
              77.5979487,
              12.9729537
            ],
            [
              77.598088,
              12.9729312
            ],
            [
              77.5980897,
              12.9729409
            ],
            [
              77.5981813,
              12.9729261
            ],
            [
              77.5982017,
              12.9730464
            ],
            [
              77.5980944,
              12.9730637
            ],
            [
              77.5980954,
              12.9730699
            ],
            [
              77.5980771,
              12.9730728
            ],
            [
              77.5980834,
              12.9731102
            ],
            [
              77.5979782,
              12.9731271
            ]
          ]
        ]
      },
      "id": "way/1188468899"
    },
    {
      "type": "Feature",
      "properties": {
        "@id": "way/1188468900",
        "addr:housenumber": "43",
        "addr:street": "Kasturba Cross Road",
        "building": "apartments",
        "building:levels": "5",
        "name": "Krishvi Sai Deesha",
        "roof:shape": "flat"
      },
      "geometry": {
        "type": "Polygon",
        "coordinates": [
          [
            [
              77.5975982,
              12.9733953
            ],
            [
              77.5975507,
              12.9732055
            ],
            [
              77.5976386,
              12.9731886
            ],
            [
              77.5976429,
              12.9732115
            ],
            [
              77.5976962,
              12.973199
            ],
            [
              77.5976905,
              12.9733772
            ],
            [
              77.5975982,
              12.9733953
            ]
          ]
        ]
      },
      "id": "way/1188468900"
    },
    {
      "type": "Feature",
      "properties": {
        "@id": "way/1188468901",
        "building": "yes"
      },
      "geometry": {
        "type": "Polygon",
        "coordinates": [
          [
            [
              77.5989794,
              12.9738093
            ],
            [
              77.598984,
              12.9736466
            ],
            [
              77.5991555,
              12.9736513
            ],
            [
              77.5991509,
              12.9738139
            ],
            [
              77.5989794,
              12.9738093
            ]
          ]
        ]
      },
      "id": "way/1188468901"
    },
    {
      "type": "Feature",
      "properties": {
        "@id": "way/1188468902",
        "addr:housenumber": "29",
        "building": "house",
        "building:levels": "2",
        "name": "Savila"
      },
      "geometry": {
        "type": "Polygon",
        "coordinates": [
          [
            [
              77.5989897,
              12.9739959
            ],
            [
              77.5989763,
              12.9738979
            ],
            [
              77.5991479,
              12.9738756
            ],
            [
              77.5991613,
              12.9739737
            ],
            [
              77.5989897,
              12.9739959
            ]
          ]
        ]
      },
      "id": "way/1188468902"
    },
    {
      "type": "Feature",
      "properties": {
        "@id": "way/1188468903",
        "addr:housenumber": "30",
        "building": "apartments",
        "name": "Cariapas"
      },
      "geometry": {
        "type": "Polygon",
        "coordinates": [
          [
            [
              77.5988307,
              12.9740006
            ],
            [
              77.5988268,
              12.9738398
            ],
            [
              77.5989516,
              12.973837
            ],
            [
              77.5989554,
              12.9739977
            ],
            [
              77.5988307,
              12.9740006
            ]
          ]
        ]
      },
      "id": "way/1188468903"
    },
    {
      "type": "Feature",
      "properties": {
        "@id": "way/1188468904",
        "building": "yes"
      },
      "geometry": {
        "type": "Polygon",
        "coordinates": [
          [
            [
              77.5987585,
              12.9737788
            ],
            [
              77.5985942,
              12.9737778
            ],
            [
              77.5985952,
              12.9736197
            ],
            [
              77.5987595,
              12.9736206
            ],
            [
              77.5987585,
              12.9737788
            ]
          ]
        ]
      },
      "id": "way/1188468904"
    },
    {
      "type": "Feature",
      "properties": {
        "@id": "way/1188468908",
        "addr:housenumber": "39",
        "building": "house",
        "building:levels": "2",
        "name": "Surya Krupa"
      },
      "geometry": {
        "type": "Polygon",
        "coordinates": [
          [
            [
              77.5991829,
              12.9743301
            ],
            [
              77.5989716,
              12.9743555
            ],
            [
              77.5989487,
              12.9741739
            ],
            [
              77.59916,
              12.9741486
            ],
            [
              77.5991829,
              12.9743301
            ]
          ]
        ]
      },
      "id": "way/1188468908"
    },
    {
      "type": "Feature",
      "properties": {
        "@id": "way/1188468909",
        "building": "apartments"
      },
      "geometry": {
        "type": "Polygon",
        "coordinates": [
          [
            [
              77.598851,
              12.9744273
            ],
            [
              77.5988869,
              12.9746305
            ],
            [
              77.5983974,
              12.9747125
            ],
            [
              77.5983616,
              12.9745093
            ],
            [
              77.598851,
              12.9744273
            ]
          ]
        ]
      },
      "id": "way/1188468909"
    },
    {
      "type": "Feature",
      "properties": {
        "@id": "way/1188468911",
        "building": "apartments"
      },
      "geometry": {
        "type": "Polygon",
        "coordinates": [
          [
            [
              77.5989397,
              12.9755483
            ],
            [
              77.5988178,
              12.9756918
            ],
            [
              77.5984293,
              12.9753783
            ],
            [
              77.5989977,
              12.9747095
            ],
            [
              77.5991447,
              12.9748281
            ],
            [
              77.5986983,
              12.9753535
            ],
            [
              77.5989397,
              12.9755483
            ]
          ]
        ]
      },
      "id": "way/1188468911"
    },
    {
      "type": "Feature",
      "properties": {
        "@id": "way/1188468912",
        "building": "commercial"
      },
      "geometry": {
        "type": "Polygon",
        "coordinates": [
          [
            [
              77.598915,
              12.974131
            ],
            [
              77.5989413,
              12.9743757
            ],
            [
              77.5987948,
              12.9743907
            ],
            [
              77.5987685,
              12.974146
            ],
            [
              77.598915,
              12.974131
            ]
          ]
        ]
      },
      "id": "way/1188468912"
    },
    {
      "type": "Feature",
      "properties": {
        "@id": "way/1188468913",
        "building": "commercial",
        "building:levels": "5",
        "name": "Prestige Tudor Court"
      },
      "geometry": {
        "type": "Polygon",
        "coordinates": [
          [
            [
              77.5992346,
              12.9743016
            ],
            [
              77.5991964,
              12.9741231
            ],
            [
              77.5992791,
              12.9741063
            ],
            [
              77.5992847,
              12.9741329
            ],
            [
              77.5993404,
              12.9741216
            ],
            [
              77.5993451,
              12.9741436
            ],
            [
              77.5993907,
              12.9741343
            ],
            [
              77.5994186,
              12.9742642
            ],
            [
              77.5992346,
              12.9743016
            ]
          ]
        ]
      },
      "id": "way/1188468913"
    },
    {
      "type": "Feature",
      "properties": {
        "@id": "way/1188468914",
        "building": "yes"
      },
      "geometry": {
        "type": "Polygon",
        "coordinates": [
          [
            [
              77.5980575,
              12.9739425
            ],
            [
              77.5977758,
              12.9739308
            ],
            [
              77.5977838,
              12.9737453
            ],
            [
              77.5979192,
              12.9737508
            ],
            [
              77.5979149,
              12.9738497
            ],
            [
              77.5979817,
              12.9738525
            ],
            [
              77.5979841,
              12.9737972
            ],
            [
              77.5980637,
              12.9738005
            ],
            [
              77.5980575,
              12.9739425
            ]
          ]
        ]
      },
      "id": "way/1188468914"
    },
    {
      "type": "Feature",
      "properties": {
        "@id": "way/1207525561",
        "building": "yes"
      },
      "geometry": {
        "type": "Polygon",
        "coordinates": [
          [
            [
              77.5986215,
              12.9732523
            ],
            [
              77.5985277,
              12.9732431
            ],
            [
              77.5985377,
              12.9731456
            ],
            [
              77.5986316,
              12.9731547
            ],
            [
              77.5986215,
              12.9732523
            ]
          ]
        ]
      },
      "id": "way/1207525561"
    },
    {
      "type": "Feature",
      "properties": {
        "@id": "way/1207525566",
        "building": "yes"
      },
      "geometry": {
        "type": "Polygon",
        "coordinates": [
          [
            [
              77.600247,
              12.9717089
            ],
            [
              77.6001926,
              12.9715028
            ],
            [
              77.6003236,
              12.97147
            ],
            [
              77.600378,
              12.971676
            ],
            [
              77.600247,
              12.9717089
            ]
          ]
        ]
      },
      "id": "way/1207525566"
    },
    {
      "type": "Feature",
      "properties": {
        "@id": "way/1207728414",
        "building": "yes"
      },
      "geometry": {
        "type": "Polygon",
        "coordinates": [
          [
            [
              77.6041533,
              12.9741834
            ],
            [
              77.6042696,
              12.9740415
            ],
            [
              77.6043795,
              12.9741271
            ],
            [
              77.6042632,
              12.974269
            ],
            [
              77.6041533,
              12.9741834
            ]
          ]
        ]
      },
      "id": "way/1207728414"
    },
    {
      "type": "Feature",
      "properties": {
        "@id": "way/1207728415",
        "building": "yes"
      },
      "geometry": {
        "type": "Polygon",
        "coordinates": [
          [
            [
              77.6025798,
              12.9740344
            ],
            [
              77.6024967,
              12.9740213
            ],
            [
              77.6025262,
              12.9738431
            ],
            [
              77.6026093,
              12.9738562
            ],
            [
              77.6025798,
              12.9740344
            ]
          ]
        ]
      },
      "id": "way/1207728415"
    },
    {
      "type": "Feature",
      "properties": {
        "@id": "way/1207728416",
        "building": "yes",
        "name": "Jesuit Nivas"
      },
      "geometry": {
        "type": "Polygon",
        "coordinates": [
          [
            [
              77.6040298,
              12.971719
            ],
            [
              77.604013,
              12.9715161
            ],
            [
              77.6042244,
              12.9714994
            ],
            [
              77.6042327,
              12.9716003
            ],
            [
              77.6043222,
              12.9715932
            ],
            [
              77.6043307,
              12.9716953
            ],
            [
              77.6040298,
              12.971719
            ]
          ]
        ]
      },
      "id": "way/1207728416"
    },
    {
      "type": "Feature",
      "properties": {
        "@id": "way/1224538503",
        "building": "yes"
      },
      "geometry": {
        "type": "Polygon",
        "coordinates": [
          [
            [
              77.6041121,
              12.9742929
            ],
            [
              77.6041089,
              12.9742216
            ],
            [
              77.6041757,
              12.9742187
            ],
            [
              77.6041789,
              12.97429
            ],
            [
              77.6041121,
              12.9742929
            ]
          ]
        ]
      },
      "id": "way/1224538503"
    },
    {
      "type": "Feature",
      "properties": {
        "@id": "way/1224538504",
        "building": "yes"
      },
      "geometry": {
        "type": "Polygon",
        "coordinates": [
          [
            [
              77.6046006,
              12.9741824
            ],
            [
              77.6045997,
              12.9740582
            ],
            [
              77.6046836,
              12.9740577
            ],
            [
              77.6046844,
              12.9741819
            ],
            [
              77.6046006,
              12.9741824
            ]
          ]
        ]
      },
      "id": "way/1224538504"
    },
    {
      "type": "Feature",
      "properties": {
        "@id": "way/1224538505",
        "building": "yes"
      },
      "geometry": {
        "type": "Polygon",
        "coordinates": [
          [
            [
              77.6044594,
              12.9740821
            ],
            [
              77.6044594,
              12.9739227
            ],
            [
              77.6045948,
              12.9739227
            ],
            [
              77.6045948,
              12.9740821
            ],
            [
              77.6044594,
              12.9740821
            ]
          ]
        ]
      },
      "id": "way/1224538505"
    },
    {
      "type": "Feature",
      "properties": {
        "@id": "way/1224538506",
        "building": "yes"
      },
      "geometry": {
        "type": "Polygon",
        "coordinates": [
          [
            [
              77.604395,
              12.9741913
            ],
            [
              77.6043956,
              12.9740927
            ],
            [
              77.6045009,
              12.9740933
            ],
            [
              77.6045003,
              12.9741919
            ],
            [
              77.604395,
              12.9741913
            ]
          ]
        ]
      },
      "id": "way/1224538506"
    },
    {
      "type": "Feature",
      "properties": {
        "@id": "way/1224538507",
        "building": "yes"
      },
      "geometry": {
        "type": "Polygon",
        "coordinates": [
          [
            [
              77.6043488,
              12.9741
            ],
            [
              77.6043524,
              12.9740422
            ],
            [
              77.60434,
              12.9740415
            ],
            [
              77.6043421,
              12.974009
            ],
            [
              77.6043347,
              12.9740086
            ],
            [
              77.6043382,
              12.9739516
            ],
            [
              77.6043987,
              12.9739552
            ],
            [
              77.6043896,
              12.9741024
            ],
            [
              77.6043488,
              12.9741
            ]
          ]
        ]
      },
      "id": "way/1224538507"
    },
    {
      "type": "Feature",
      "properties": {
        "@id": "way/1224538509",
        "building": "yes"
      },
      "geometry": {
        "type": "Polygon",
        "coordinates": [
          [
            [
              77.6041563,
              12.9746369
            ],
            [
              77.6041118,
              12.9744569
            ],
            [
              77.6042063,
              12.9744347
            ],
            [
              77.6042508,
              12.9746147
            ],
            [
              77.6041563,
              12.9746369
            ]
          ]
        ]
      },
      "id": "way/1224538509"
    },
    {
      "type": "Feature",
      "properties": {
        "@id": "way/1231870409",
        "building": "yes"
      },
      "geometry": {
        "type": "Polygon",
        "coordinates": [
          [
            [
              77.5975711,
              12.9718023
            ],
            [
              77.5975554,
              12.9716735
            ],
            [
              77.5976793,
              12.9716592
            ],
            [
              77.597695,
              12.971788
            ],
            [
              77.5975711,
              12.9718023
            ]
          ]
        ]
      },
      "id": "way/1231870409"
    },
    {
      "type": "Feature",
      "properties": {
        "@id": "way/1236280827",
        "building": "yes"
      },
      "geometry": {
        "type": "Polygon",
        "coordinates": [
          [
            [
              77.603066,
              12.9805066
            ],
            [
              77.6029797,
              12.9802452
            ],
            [
              77.6031652,
              12.9801871
            ],
            [
              77.6032514,
              12.9804485
            ],
            [
              77.603066,
              12.9805066
            ]
          ]
        ]
      },
      "id": "way/1236280827"
    },
    {
      "type": "Feature",
      "properties": {
        "@id": "way/1236280829",
        "building": "yes"
      },
      "geometry": {
        "type": "Polygon",
        "coordinates": [
          [
            [
              77.5997441,
              12.9811404
            ],
            [
              77.5996759,
              12.9809475
            ],
            [
              77.5998395,
              12.9808926
            ],
            [
              77.5999077,
              12.9810855
            ],
            [
              77.5997441,
              12.9811404
            ]
          ]
        ]
      },
      "id": "way/1236280829"
    },
    {
      "type": "Feature",
      "properties": {
        "@id": "way/1236280830",
        "building": "yes"
      },
      "geometry": {
        "type": "Polygon",
        "coordinates": [
          [
            [
              77.6000673,
              12.9808333
            ],
            [
              77.6000159,
              12.9806467
            ],
            [
              77.600146,
              12.9806127
            ],
            [
              77.6001973,
              12.9807994
            ],
            [
              77.6000673,
              12.9808333
            ]
          ]
        ]
      },
      "id": "way/1236280830"
    },
    {
      "type": "Feature",
      "properties": {
        "@id": "way/1240557584",
        "building": "yes",
        "building:levels": "1",
        "building:levels:underground": "1"
      },
      "geometry": {
        "type": "Polygon",
        "coordinates": [
          [
            [
              77.5963719,
              12.9816587
            ],
            [
              77.5963565,
              12.9816864
            ],
            [
              77.5963394,
              12.9817171
            ],
            [
              77.5961857,
              12.9816359
            ],
            [
              77.5962009,
              12.9816065
            ],
            [
              77.5962182,
              12.9815776
            ],
            [
              77.5963719,
              12.9816587
            ]
          ]
        ]
      },
      "id": "way/1240557584"
    },
    {
      "type": "Feature",
      "properties": {
        "@id": "way/1243099174",
        "building": "yes"
      },
      "geometry": {
        "type": "Polygon",
        "coordinates": [
          [
            [
              77.6036438,
              12.9792565
            ],
            [
              77.6035918,
              12.979107
            ],
            [
              77.6037918,
              12.979041
            ],
            [
              77.6038437,
              12.9791906
            ],
            [
              77.6036438,
              12.9792565
            ]
          ]
        ]
      },
      "id": "way/1243099174"
    },
    {
      "type": "Feature",
      "properties": {
        "@id": "way/1254858426",
        "building": "commercial",
        "building:levels": "2"
      },
      "geometry": {
        "type": "Polygon",
        "coordinates": [
          [
            [
              77.5984653,
              12.9758961
            ],
            [
              77.5983333,
              12.9757979
            ],
            [
              77.598521,
              12.9755582
            ],
            [
              77.598653,
              12.9756564
            ],
            [
              77.5984653,
              12.9758961
            ]
          ]
        ]
      },
      "id": "way/1254858426"
    },
    {
      "type": "Feature",
      "properties": {
        "@id": "way/1272457061",
        "building": "yes"
      },
      "geometry": {
        "type": "Polygon",
        "coordinates": [
          [
            [
              77.5965159,
              12.9751131
            ],
            [
              77.5964327,
              12.9750284
            ],
            [
              77.5964873,
              12.9749774
            ],
            [
              77.5965706,
              12.9750621
            ],
            [
              77.5965159,
              12.9751131
            ]
          ]
        ]
      },
      "id": "way/1272457061"
    },
    {
      "type": "Feature",
      "properties": {
        "@id": "way/1272457063",
        "building": "yes"
      },
      "geometry": {
        "type": "Polygon",
        "coordinates": [
          [
            [
              77.5966065,
              12.9743017
            ],
            [
              77.5964826,
              12.9742344
            ],
            [
              77.5965267,
              12.9741573
            ],
            [
              77.5966506,
              12.9742246
            ],
            [
              77.5966065,
              12.9743017
            ]
          ]
        ]
      },
      "id": "way/1272457063"
    },
    {
      "type": "Feature",
      "properties": {
        "@id": "way/1272457064",
        "building": "yes"
      },
      "geometry": {
        "type": "Polygon",
        "coordinates": [
          [
            [
              77.5964235,
              12.9740933
            ],
            [
              77.5965294,
              12.9739081
            ],
            [
              77.5967688,
              12.974038
            ],
            [
              77.5966629,
              12.9742232
            ],
            [
              77.5964235,
              12.9740933
            ]
          ]
        ]
      },
      "id": "way/1272457064"
    },
    {
      "type": "Feature",
      "properties": {
        "@id": "way/1276833549",
        "amenity": "shelter",
        "bench": "yes",
        "building": "yes"
      },
      "geometry": {
        "type": "Polygon",
        "coordinates": [
          [
            [
              77.5946023,
              12.981522
            ],
            [
              77.5945465,
              12.981462
            ],
            [
              77.594586,
              12.9814272
            ],
            [
              77.5946417,
              12.9814871
            ],
            [
              77.5946023,
              12.981522
            ]
          ]
        ]
      },
      "id": "way/1276833549"
    },
    {
      "type": "Feature",
      "properties": {
        "@id": "way/1281995546",
        "building": "yes"
      },
      "geometry": {
        "type": "Polygon",
        "coordinates": [
          [
            [
              77.6009812,
              12.9724159
            ],
            [
              77.6009763,
              12.9723462
            ],
            [
              77.6010771,
              12.9723394
            ],
            [
              77.601082,
              12.9724091
            ],
            [
              77.6009812,
              12.9724159
            ]
          ]
        ]
      },
      "id": "way/1281995546"
    },
    {
      "type": "Feature",
      "properties": {
        "@id": "way/1281995547",
        "building": "yes"
      },
      "geometry": {
        "type": "Polygon",
        "coordinates": [
          [
            [
              77.6007304,
              12.9725453
            ],
            [
              77.6007181,
              12.9723706
            ],
            [
              77.6009396,
              12.9723558
            ],
            [
              77.6009519,
              12.9725305
            ],
            [
              77.6007304,
              12.9725453
            ]
          ]
        ]
      },
      "id": "way/1281995547"
    },
    {
      "type": "Feature",
      "properties": {
        "@id": "way/1281995548",
        "building": "commercial",
        "building:levels": "9",
        "building:levels:underground": "3",
        "height": "40"
      },
      "geometry": {
        "type": "Polygon",
        "coordinates": [
          [
            [
              77.601975,
              12.9734234
            ],
            [
              77.6015868,
              12.9734439
            ],
            [
              77.6015742,
              12.9732184
            ],
            [
              77.6019624,
              12.9731978
            ],
            [
              77.601975,
              12.9734234
            ]
          ]
        ]
      },
      "id": "way/1281995548"
    },
    {
      "type": "Feature",
      "properties": {
        "@id": "way/1287946989",
        "building": "yes"
      },
      "geometry": {
        "type": "Polygon",
        "coordinates": [
          [
            [
              77.6027518,
              12.9799661
            ],
            [
              77.6027216,
              12.9798739
            ],
            [
              77.602851,
              12.9798336
            ],
            [
              77.6028812,
              12.9799258
            ],
            [
              77.6027518,
              12.9799661
            ]
          ]
        ]
      },
      "id": "way/1287946989"
    },
    {
      "type": "Feature",
      "properties": {
        "@id": "way/1287946990",
        "building": "yes"
      },
      "geometry": {
        "type": "Polygon",
        "coordinates": [
          [
            [
              77.6029432,
              12.9800078
            ],
            [
              77.6027673,
              12.9800542
            ],
            [
              77.6027518,
              12.9799661
            ],
            [
              77.6028812,
              12.9799258
            ],
            [
              77.6029131,
              12.9799159
            ],
            [
              77.6029432,
              12.9800078
            ]
          ]
        ]
      },
      "id": "way/1287946990"
    },
    {
      "type": "Feature",
      "properties": {
        "@id": "way/1287946991",
        "building": "yes"
      },
      "geometry": {
        "type": "Polygon",
        "coordinates": [
          [
            [
              77.6015633,
              12.981669
            ],
            [
              77.6015339,
              12.9815739
            ],
            [
              77.6017242,
              12.9815181
            ],
            [
              77.6017536,
              12.9816132
            ],
            [
              77.6015633,
              12.981669
            ]
          ]
        ]
      },
      "id": "way/1287946991"
    },
    {
      "type": "Feature",
      "properties": {
        "@id": "way/1287946998",
        "building": "commercial"
      },
      "geometry": {
        "type": "Polygon",
        "coordinates": [
          [
            [
              77.602749,
              12.9807431
            ],
            [
              77.6026355,
              12.98041
            ],
            [
              77.6027232,
              12.9803816
            ],
            [
              77.6028368,
              12.9807147
            ],
            [
              77.602749,
              12.9807431
            ]
          ]
        ]
      },
      "id": "way/1287946998"
    },
    {
      "type": "Feature",
      "properties": {
        "@id": "way/1287946999",
        "building": "yes"
      },
      "geometry": {
        "type": "Polygon",
        "coordinates": [
          [
            [
              77.6007982,
              12.9808595
            ],
            [
              77.6007559,
              12.9807313
            ],
            [
              77.6008598,
              12.9806987
            ],
            [
              77.6009021,
              12.9808269
            ],
            [
              77.6007982,
              12.9808595
            ]
          ]
        ]
      },
      "id": "way/1287946999"
    },
    {
      "type": "Feature",
      "properties": {
        "@id": "way/1287947000",
        "building": "yes"
      },
      "geometry": {
        "type": "Polygon",
        "coordinates": [
          [
            [
              77.6007552,
              12.980687
            ],
            [
              77.6007169,
              12.9805707
            ],
            [
              77.6008089,
              12.9805419
            ],
            [
              77.6008472,
              12.9806582
            ],
            [
              77.6007552,
              12.980687
            ]
          ]
        ]
      },
      "id": "way/1287947000"
    },
    {
      "type": "Feature",
      "properties": {
        "@id": "way/1287947001",
        "building": "yes"
      },
      "geometry": {
        "type": "Polygon",
        "coordinates": [
          [
            [
              77.6007137,
              12.9805328
            ],
            [
              77.6006821,
              12.9804371
            ],
            [
              77.6007606,
              12.9804125
            ],
            [
              77.6007922,
              12.9805082
            ],
            [
              77.6007137,
              12.9805328
            ]
          ]
        ]
      },
      "id": "way/1287947001"
    },
    {
      "type": "Feature",
      "properties": {
        "@id": "way/1287947002",
        "building": "yes"
      },
      "geometry": {
        "type": "Polygon",
        "coordinates": [
          [
            [
              77.6005675,
              12.9805811
            ],
            [
              77.6005333,
              12.9804775
            ],
            [
              77.6006198,
              12.9804504
            ],
            [
              77.600654,
              12.980554
            ],
            [
              77.6005675,
              12.9805811
            ]
          ]
        ]
      },
      "id": "way/1287947002"
    },
    {
      "type": "Feature",
      "properties": {
        "@id": "way/1287947003",
        "building": "yes"
      },
      "geometry": {
        "type": "Polygon",
        "coordinates": [
          [
            [
              77.6006171,
              12.9807418
            ],
            [
              77.6005826,
              12.9806371
            ],
            [
              77.6006654,
              12.9806112
            ],
            [
              77.6006999,
              12.9807159
            ],
            [
              77.6006171,
              12.9807418
            ]
          ]
        ]
      },
      "id": "way/1287947003"
    },
    {
      "type": "Feature",
      "properties": {
        "@id": "way/1287947004",
        "building": "yes"
      },
      "geometry": {
        "type": "Polygon",
        "coordinates": [
          [
            [
              77.60066,
              12.9809091
            ],
            [
              77.6006262,
              12.9808067
            ],
            [
              77.6007123,
              12.9807797
            ],
            [
              77.6007461,
              12.9808822
            ],
            [
              77.60066,
              12.9809091
            ]
          ]
        ]
      },
      "id": "way/1287947004"
    },
    {
      "type": "Feature",
      "properties": {
        "@id": "way/1287947005",
        "building": "yes"
      },
      "geometry": {
        "type": "Polygon",
        "coordinates": [
          [
            [
              77.600821,
              12.9813691
            ],
            [
              77.6006783,
              12.9809368
            ],
            [
              77.6009036,
              12.9808662
            ],
            [
              77.6010463,
              12.9812986
            ],
            [
              77.600821,
              12.9813691
            ]
          ]
        ]
      },
      "id": "way/1287947005"
    },
    {
      "type": "Feature",
      "properties": {
        "@id": "way/1287947006",
        "building": "yes"
      },
      "geometry": {
        "type": "Polygon",
        "coordinates": [
          [
            [
              77.6002859,
              12.9809653
            ],
            [
              77.6001681,
              12.9805985
            ],
            [
              77.6002295,
              12.9805798
            ],
            [
              77.6003473,
              12.9809466
            ],
            [
              77.6002859,
              12.9809653
            ]
          ]
        ]
      },
      "id": "way/1287947006"
    },
    {
      "type": "Feature",
      "properties": {
        "@id": "way/1287947007",
        "building": "yes"
      },
      "geometry": {
        "type": "Polygon",
        "coordinates": [
          [
            [
              77.6000401,
              12.9811135
            ],
            [
              77.5999685,
              12.980896
            ],
            [
              77.6001866,
              12.9808278
            ],
            [
              77.6002582,
              12.9810453
            ],
            [
              77.6000401,
              12.9811135
            ]
          ]
        ]
      },
      "id": "way/1287947007"
    },
    {
      "type": "Feature",
      "properties": {
        "@id": "way/1291195500",
        "building": "yes"
      },
      "geometry": {
        "type": "Polygon",
        "coordinates": [
          [
            [
              77.602958,
              12.9813237
            ],
            [
              77.602908,
              12.9811889
            ],
            [
              77.6029852,
              12.9811617
            ],
            [
              77.6030352,
              12.9812965
            ],
            [
              77.602958,
              12.9813237
            ]
          ]
        ]
      },
      "id": "way/1291195500"
    },
    {
      "type": "Feature",
      "properties": {
        "@id": "way/1297594190",
        "building": "yes"
      },
      "geometry": {
        "type": "Polygon",
        "coordinates": [
          [
            [
              77.5995163,
              12.9736351
            ],
            [
              77.5995863,
              12.9735295
            ],
            [
              77.5996767,
              12.9735864
            ],
            [
              77.5996067,
              12.973692
            ],
            [
              77.5995163,
              12.9736351
            ]
          ]
        ]
      },
      "id": "way/1297594190"
    },
    {
      "type": "Feature",
      "properties": {
        "@id": "way/1297594198",
        "building": "construction",
        "building:levels": "10",
        "building:levels:underground": "3",
        "construction": "commercial",
        "height": "39.95"
      },
      "geometry": {
        "type": "Polygon",
        "coordinates": [
          [
            [
              77.6007169,
              12.9728725
            ],
            [
              77.600706,
              12.9726998
            ],
            [
              77.6008199,
              12.972693
            ],
            [
              77.60082,
              12.9726949
            ],
            [
              77.6008401,
              12.9726937
            ],
            [
              77.60084,
              12.9726918
            ],
            [
              77.6008597,
              12.9726906
            ],
            [
              77.6008599,
              12.972694
            ],
            [
              77.6008792,
              12.9726928
            ],
            [
              77.600879,
              12.9726895
            ],
            [
              77.6009015,
              12.9726882
            ],
            [
              77.6009016,
              12.9726896
            ],
            [
              77.6009211,
              12.9726885
            ],
            [
              77.600921,
              12.972687
            ],
            [
              77.6009409,
              12.9726858
            ],
            [
              77.6009411,
              12.9726892
            ],
            [
              77.6009607,
              12.972688
            ],
            [
              77.6009605,
              12.9726847
            ],
            [
              77.600996,
              12.9726825
            ],
            [
              77.6009972,
              12.9727019
            ],
            [
              77.6009915,
              12.9727022
            ],
            [
              77.6009927,
              12.9727212
            ],
            [
              77.6009968,
              12.972721
            ],
            [
              77.6009979,
              12.9727398
            ],
            [
              77.6009958,
              12.9727399
            ],
            [
              77.6009969,
              12.9727585
            ],
            [
              77.6009943,
              12.9727587
            ],
            [
              77.6009955,
              12.972778
            ],
            [
              77.6010011,
              12.9727777
            ],
            [
              77.6010025,
              12.9727998
            ],
            [
              77.6009995,
              12.9728
            ],
            [
              77.6010007,
              12.9728182
            ],
            [
              77.6009981,
              12.9728183
            ],
            [
              77.6009992,
              12.9728373
            ],
            [
              77.6010027,
              12.972837
            ],
            [
              77.6010039,
              12.9728564
            ],
            [
              77.6010022,
              12.9728565
            ],
            [
              77.6010034,
              12.9728767
            ],
            [
              77.6010052,
              12.9728766
            ],
            [
              77.6010071,
              12.9729072
            ],
            [
              77.6009731,
              12.9729092
            ],
            [
              77.6009729,
              12.9729052
            ],
            [
              77.6009535,
              12.9729064
            ],
            [
              77.6009538,
              12.9729104
            ],
            [
              77.6009341,
              12.9729115
            ],
            [
              77.600934,
              12.9729095
            ],
            [
              77.6009143,
              12.9729107
            ],
            [
              77.6009144,
              12.9729121
            ],
            [
              77.6008919,
              12.9729135
            ],
            [
              77.6008917,
              12.97291
            ],
            [
              77.6008724,
              12.9729112
            ],
            [
              77.6008727,
              12.9729152
            ],
            [
              77.600853,
              12.9729163
            ],
            [
              77.6008528,
              12.9729138
            ],
            [
              77.6008338,
              12.9729149
            ],
            [
              77.600834,
              12.9729186
            ],
            [
              77.6008101,
              12.97292
            ],
            [
              77.6008097,
              12.9729141
            ],
            [
              77.6007906,
              12.9729153
            ],
            [
              77.6007908,
              12.9729195
            ],
            [
              77.6007712,
              12.9729207
            ],
            [
              77.6007711,
              12.9729187
            ],
            [
              77.6007518,
              12.9729198
            ],
            [
              77.600752,
              12.9729234
            ],
            [
              77.6007178,
              12.9729255
            ],
            [
              77.6007158,
              12.9728938
            ],
            [
              77.60072,
              12.9728935
            ],
            [
              77.6007186,
              12.9728724
            ],
            [
              77.6007169,
              12.9728725
            ]
          ]
        ]
      },
      "id": "way/1297594198"
    },
    {
      "type": "Feature",
      "properties": {
        "@id": "way/1297594205",
        "amenity": "place_of_worship",
        "building": "yes",
        "religion": "hindu"
      },
      "geometry": {
        "type": "Polygon",
        "coordinates": [
          [
            [
              77.601094,
              12.9729757
            ],
            [
              77.6010929,
              12.9729628
            ],
            [
              77.6011069,
              12.9729616
            ],
            [
              77.6011081,
              12.9729745
            ],
            [
              77.601094,
              12.9729757
            ]
          ]
        ]
      },
      "id": "way/1297594205"
    },
    {
      "type": "Feature",
      "properties": {
        "@id": "way/1297594207",
        "addr:housenumber": "47/1,47/2,47/3,47/4,47/5",
        "addr:street": "6th Cross Road",
        "building": "terrace"
      },
      "geometry": {
        "type": "Polygon",
        "coordinates": [
          [
            [
              77.5996659,
              12.9723496
            ],
            [
              77.5996498,
              12.9722748
            ],
            [
              77.5999871,
              12.9722057
            ],
            [
              77.6000033,
              12.9722806
            ],
            [
              77.5996659,
              12.9723496
            ]
          ]
        ]
      },
      "id": "way/1297594207"
    },
    {
      "type": "Feature",
      "properties": {
        "@id": "way/1297594208",
        "building": "yes"
      },
      "geometry": {
        "type": "Polygon",
        "coordinates": [
          [
            [
              77.602209,
              12.973349
            ],
            [
              77.6022051,
              12.9732072
            ],
            [
              77.6023035,
              12.9732046
            ],
            [
              77.6023075,
              12.9733464
            ],
            [
              77.602209,
              12.973349
            ]
          ]
        ]
      },
      "id": "way/1297594208"
    },
    {
      "type": "Feature",
      "properties": {
        "@id": "way/1297594209",
        "building": "yes"
      },
      "geometry": {
        "type": "Polygon",
        "coordinates": [
          [
            [
              77.6021634,
              12.9737672
            ],
            [
              77.6021536,
              12.9736358
            ],
            [
              77.6024584,
              12.9736143
            ],
            [
              77.6024682,
              12.9737457
            ],
            [
              77.6021634,
              12.9737672
            ]
          ]
        ]
      },
      "id": "way/1297594209"
    },
    {
      "type": "Feature",
      "properties": {
        "@id": "way/1297594210",
        "building": "yes"
      },
      "geometry": {
        "type": "Polygon",
        "coordinates": [
          [
            [
              77.6032822,
              12.973774
            ],
            [
              77.6033036,
              12.9736755
            ],
            [
              77.6035404,
              12.9737244
            ],
            [
              77.603519,
              12.973823
            ],
            [
              77.6032822,
              12.973774
            ]
          ]
        ]
      },
      "id": "way/1297594210"
    },
    {
      "type": "Feature",
      "properties": {
        "@id": "way/1299791166",
        "building": "yes"
      },
      "geometry": {
        "type": "Polygon",
        "coordinates": [
          [
            [
              77.599925,
              12.9808693
            ],
            [
              77.5998897,
              12.9807646
            ],
            [
              77.6000016,
              12.9807287
            ],
            [
              77.600037,
              12.9808334
            ],
            [
              77.599925,
              12.9808693
            ]
          ]
        ]
      },
      "id": "way/1299791166"
    },
    {
      "type": "Feature",
      "properties": {
        "@id": "way/1303005411",
        "building": "yes"
      },
      "geometry": {
        "type": "Polygon",
        "coordinates": [
          [
            [
              77.6038278,
              12.9798963
            ],
            [
              77.6037641,
              12.979758
            ],
            [
              77.6038566,
              12.9797175
            ],
            [
              77.6039203,
              12.9798558
            ],
            [
              77.6038278,
              12.9798963
            ]
          ]
        ]
      },
      "id": "way/1303005411"
    },
    {
      "type": "Feature",
      "properties": {
        "@id": "way/1303005412",
        "building": "yes"
      },
      "geometry": {
        "type": "Polygon",
        "coordinates": [
          [
            [
              77.6032939,
              12.9805525
            ],
            [
              77.6031959,
              12.9802207
            ],
            [
              77.6032815,
              12.9801895
            ],
            [
              77.6033911,
              12.9805213
            ],
            [
              77.6032939,
              12.9805525
            ]
          ]
        ]
      },
      "id": "way/1303005412"
    },
    {
      "type": "Feature",
      "properties": {
        "@id": "way/1304116267",
        "building": "yes"
      },
      "geometry": {
        "type": "Polygon",
        "coordinates": [
          [
            [
              77.6038305,
              12.9749591
            ],
            [
              77.6038042,
              12.9748198
            ],
            [
              77.6040161,
              12.9747819
            ],
            [
              77.6040423,
              12.9749212
            ],
            [
              77.6038305,
              12.9749591
            ]
          ]
        ]
      },
      "id": "way/1304116267"
    },
    {
      "type": "Feature",
      "properties": {
        "@id": "way/1304116271",
        "addr:city": "Bengaluru",
        "addr:housenumber": "86",
        "addr:postcode": "560001",
        "addr:street": "MG Road",
        "addr:suburb": "Shanthala Nagar",
        "building": "commercial",
        "building:levels": "1"
      },
      "geometry": {
        "type": "Polygon",
        "coordinates": [
          [
            [
              77.6047894,
              12.9755967
            ],
            [
              77.6048285,
              12.9757447
            ],
            [
              77.6045611,
              12.9758118
            ],
            [
              77.604522,
              12.9756638
            ],
            [
              77.6047894,
              12.9755967
            ]
          ]
        ]
      },
      "id": "way/1304116271"
    },
    {
      "type": "Feature",
      "properties": {
        "@id": "way/1304116272",
        "building": "commercial",
        "building:levels": "4"
      },
      "geometry": {
        "type": "Polygon",
        "coordinates": [
          [
            [
              77.6037746,
              12.9751911
            ],
            [
              77.6037034,
              12.9752066
            ],
            [
              77.6036653,
              12.9750402
            ],
            [
              77.6037364,
              12.9750247
            ],
            [
              77.6037746,
              12.9751911
            ]
          ]
        ]
      },
      "id": "way/1304116272"
    },
    {
      "type": "Feature",
      "properties": {
        "@id": "way/1306883948",
        "amenity": "place_of_worship",
        "building": "temple",
        "building:use": "religious",
        "denomination": "ganpatya",
        "name": "Sri Varasiddhi Vinayaka Temple",
        "name:kn": "ವರಸಿದ್ದಿ ವಿನಾಯಕ ದೇವಸ್ಥಾನ",
        "religion": "hindu"
      },
      "geometry": {
        "type": "Polygon",
        "coordinates": [
          [
            [
              77.6045251,
              12.9717847
            ],
            [
              77.6045634,
              12.9716917
            ],
            [
              77.6046089,
              12.9717095
            ],
            [
              77.6045706,
              12.9718025
            ],
            [
              77.6045251,
              12.9717847
            ]
          ]
        ]
      },
      "id": "way/1306883948"
    },
    {
      "type": "Feature",
      "properties": {
        "@id": "way/1307397843",
        "building": "yes"
      },
      "geometry": {
        "type": "Polygon",
        "coordinates": [
          [
            [
              77.6034294,
              12.9740377
            ],
            [
              77.6034452,
              12.9739399
            ],
            [
              77.603593,
              12.9739626
            ],
            [
              77.6035772,
              12.9740604
            ],
            [
              77.6034294,
              12.9740377
            ]
          ]
        ]
      },
      "id": "way/1307397843"
    },
    {
      "type": "Feature",
      "properties": {
        "@id": "way/1307397844",
        "building": "yes"
      },
      "geometry": {
        "type": "Polygon",
        "coordinates": [
          [
            [
              77.603298,
              12.974024
            ],
            [
              77.6033159,
              12.9739131
            ],
            [
              77.6034381,
              12.9739318
            ],
            [
              77.6034202,
              12.9740427
            ],
            [
              77.603298,
              12.974024
            ]
          ]
        ]
      },
      "id": "way/1307397844"
    },
    {
      "type": "Feature",
      "properties": {
        "@id": "way/1307397845",
        "building": "commercial",
        "building:levels": "5"
      },
      "geometry": {
        "type": "Polygon",
        "coordinates": [
          [
            [
              77.6031569,
              12.9739867
            ],
            [
              77.6031776,
              12.9738581
            ],
            [
              77.6032842,
              12.9738744
            ],
            [
              77.6032635,
              12.9740031
            ],
            [
              77.6031569,
              12.9739867
            ]
          ]
        ]
      },
      "id": "way/1307397845"
    },
    {
      "type": "Feature",
      "properties": {
        "@id": "way/1308459549",
        "building": "commercial"
      },
      "geometry": {
        "type": "Polygon",
        "coordinates": [
          [
            [
              77.6023182,
              12.9759117
            ],
            [
              77.6023201,
              12.9758042
            ],
            [
              77.6024361,
              12.9758061
            ],
            [
              77.6024342,
              12.9759136
            ],
            [
              77.6023182,
              12.9759117
            ]
          ]
        ]
      },
      "id": "way/1308459549"
    },
    {
      "type": "Feature",
      "properties": {
        "@id": "way/1308621812",
        "building": "yes"
      },
      "geometry": {
        "type": "Polygon",
        "coordinates": [
          [
            [
              77.5971745,
              12.9719755
            ],
            [
              77.5971603,
              12.9718747
            ],
            [
              77.5972858,
              12.9718578
            ],
            [
              77.5973,
              12.9719586
            ],
            [
              77.5971745,
              12.9719755
            ]
          ]
        ]
      },
      "id": "way/1308621812"
    },
    {
      "type": "Feature",
      "properties": {
        "@id": "way/1308621815",
        "building": "yes"
      },
      "geometry": {
        "type": "Polygon",
        "coordinates": [
          [
            [
              77.5991976,
              12.9718395
            ],
            [
              77.5992351,
              12.9717062
            ],
            [
              77.599332,
              12.9717322
            ],
            [
              77.5992945,
              12.9718655
            ],
            [
              77.5991976,
              12.9718395
            ]
          ]
        ]
      },
      "id": "way/1308621815"
    },
    {
      "type": "Feature",
      "properties": {
        "@id": "way/1308628996",
        "building": "yes"
      },
      "geometry": {
        "type": "Polygon",
        "coordinates": [
          [
            [
              77.5990348,
              12.973042
            ],
            [
              77.5990281,
              12.972999
            ],
            [
              77.5990781,
              12.9729912
            ],
            [
              77.5990851,
              12.9730341
            ],
            [
              77.5990348,
              12.973042
            ]
          ]
        ]
      },
      "id": "way/1308628996"
    },
    {
      "type": "Feature",
      "properties": {
        "@id": "way/1308629000",
        "building": "yes"
      },
      "geometry": {
        "type": "Polygon",
        "coordinates": [
          [
            [
              77.6011321,
              12.9757379
            ],
            [
              77.6011219,
              12.9755945
            ],
            [
              77.6012573,
              12.9755853
            ],
            [
              77.6012675,
              12.9757288
            ],
            [
              77.6011321,
              12.9757379
            ]
          ]
        ]
      },
      "id": "way/1308629000"
    },
    {
      "type": "Feature",
      "properties": {
        "@id": "way/1308629003",
        "building": "apartments",
        "building:levels": "4"
      },
      "geometry": {
        "type": "Polygon",
        "coordinates": [
          [
            [
              77.598525,
              12.9742056
            ],
            [
              77.5987543,
              12.9744049
            ],
            [
              77.5984666,
              12.974433
            ],
            [
              77.598525,
              12.9742056
            ]
          ]
        ]
      },
      "id": "way/1308629003"
    },
    {
      "type": "Feature",
      "properties": {
        "@id": "way/1308629006",
        "building": "yes"
      },
      "geometry": {
        "type": "Polygon",
        "coordinates": [
          [
            [
              77.5984915,
              12.9741442
            ],
            [
              77.5987369,
              12.9741285
            ],
            [
              77.5987469,
              12.9742318
            ],
            [
              77.598637,
              12.9742409
            ],
            [
              77.5984915,
              12.9741442
            ]
          ]
        ]
      },
      "id": "way/1308629006"
    },
    {
      "type": "Feature",
      "properties": {
        "@id": "way/1308632308",
        "building": "construction",
        "building:levels": "8",
        "construction": "apartments"
      },
      "geometry": {
        "type": "Polygon",
        "coordinates": [
          [
            [
              77.5975458,
              12.9723672
            ],
            [
              77.5975279,
              12.9722222
            ],
            [
              77.597746,
              12.9721966
            ],
            [
              77.5977638,
              12.9723416
            ],
            [
              77.5975458,
              12.9723672
            ]
          ]
        ]
      },
      "id": "way/1308632308"
    },
    {
      "type": "Feature",
      "properties": {
        "@id": "way/1308632315",
        "building": "yes",
        "building:levels": "2"
      },
      "geometry": {
        "type": "Polygon",
        "coordinates": [
          [
            [
              77.5988186,
              12.972304
            ],
            [
              77.5989891,
              12.9722541
            ],
            [
              77.5990237,
              12.9723663
            ],
            [
              77.598961,
              12.9723847
            ],
            [
              77.598956,
              12.9723684
            ],
            [
              77.5988926,
              12.972387
            ],
            [
              77.5988871,
              12.972369
            ],
            [
              77.5988664,
              12.972375
            ],
            [
              77.598856,
              12.9723411
            ],
            [
              77.5988322,
              12.9723481
            ],
            [
              77.5988186,
              12.972304
            ]
          ]
        ]
      },
      "id": "way/1308632315"
    },
    {
      "type": "Feature",
      "properties": {
        "@id": "way/1308647754",
        "addr:city": "Bengaluru",
        "addr:housenumber": "43",
        "addr:postcode": "560001",
        "addr:street": "Church Street",
        "addr:suburb": "Shanthala Nagar",
        "building": "commercial",
        "building:levels": "3"
      },
      "geometry": {
        "type": "Polygon",
        "coordinates": [
          [
            [
              77.6020275,
              12.9758967
            ],
            [
              77.6019977,
              12.9757859
            ],
            [
              77.6020729,
              12.9757666
            ],
            [
              77.6021027,
              12.9758774
            ],
            [
              77.6020275,
              12.9758967
            ]
          ]
        ]
      },
      "id": "way/1308647754"
    },
    {
      "type": "Feature",
      "properties": {
        "@id": "way/1308647755",
        "addr:city": "Bengaluru",
        "addr:housenumber": "41/3",
        "addr:postcode": "560001",
        "addr:street": "Church Street",
        "addr:suburb": "Shanthala Nagar",
        "building": "commercial",
        "building:facade": "glass",
        "building:levels": "4",
        "name": "Rayyan Towers"
      },
      "geometry": {
        "type": "Polygon",
        "coordinates": [
          [
            [
              77.6019525,
              12.9759159
            ],
            [
              77.6018507,
              12.9759419
            ],
            [
              77.6018208,
              12.9758311
            ],
            [
              77.6019226,
              12.9758051
            ],
            [
              77.6019525,
              12.9759159
            ]
          ]
        ]
      },
      "id": "way/1308647755"
    },
    {
      "type": "Feature",
      "properties": {
        "@id": "way/1308720286",
        "building": "yes",
        "fixme": "approximate tracing"
      },
      "geometry": {
        "type": "Polygon",
        "coordinates": [
          [
            [
              77.6061277,
              12.9757783
            ],
            [
              77.6046874,
              12.9761127
            ],
            [
              77.6046223,
              12.9761279
            ],
            [
              77.6026122,
              12.9765949
            ],
            [
              77.6026022,
              12.9765493
            ],
            [
              77.6031438,
              12.9764126
            ],
            [
              77.6034221,
              12.9763464
            ],
            [
              77.6037293,
              12.9762754
            ],
            [
              77.6040555,
              12.9761984
            ],
            [
              77.6043133,
              12.9761398
            ],
            [
              77.6045777,
              12.9760741
            ],
            [
              77.605134,
              12.9759331
            ],
            [
              77.6061084,
              12.9757024
            ],
            [
              77.6061277,
              12.9757783
            ]
          ]
        ]
      },
      "id": "way/1308720286"
    },
    {
      "type": "Feature",
      "properties": {
        "@id": "way/1308726388",
        "building": "yes"
      },
      "geometry": {
        "type": "Polygon",
        "coordinates": [
          [
            [
              77.5969438,
              12.9717075
            ],
            [
              77.596924,
              12.971565
            ],
            [
              77.5970122,
              12.9715533
            ],
            [
              77.597032,
              12.9716959
            ],
            [
              77.5969438,
              12.9717075
            ]
          ]
        ]
      },
      "id": "way/1308726388"
    },
    {
      "type": "Feature",
      "properties": {
        "@id": "way/1308734895",
        "building": "yes"
      },
      "geometry": {
        "type": "Polygon",
        "coordinates": [
          [
            [
              77.5982649,
              12.9720454
            ],
            [
              77.5982552,
              12.9719644
            ],
            [
              77.5983809,
              12.97195
            ],
            [
              77.5983906,
              12.972031
            ],
            [
              77.5982649,
              12.9720454
            ]
          ]
        ]
      },
      "id": "way/1308734895"
    },
    {
      "type": "Feature",
      "properties": {
        "@id": "way/1308735401",
        "addr:city": "Bengaluru",
        "addr:housenumber": "45",
        "addr:postcode": "560001",
        "addr:street": "Church Street",
        "addr:suburb": "Shanthala Nagar",
        "building": "commercial"
      },
      "geometry": {
        "type": "Polygon",
        "coordinates": [
          [
            [
              77.6023082,
              12.9757835
            ],
            [
              77.6022932,
              12.9757267
            ],
            [
              77.6022925,
              12.975724
            ],
            [
              77.6023207,
              12.9757169
            ],
            [
              77.6023365,
              12.9757764
            ],
            [
              77.6023082,
              12.9757835
            ]
          ]
        ]
      },
      "id": "way/1308735401"
    },
    {
      "type": "Feature",
      "properties": {
        "@id": "way/1310855579",
        "building": "yes"
      },
      "geometry": {
        "type": "Polygon",
        "coordinates": [
          [
            [
              77.5965277,
              12.981538
            ],
            [
              77.5965086,
              12.981485
            ],
            [
              77.5964857,
              12.9814933
            ],
            [
              77.5965025,
              12.9815435
            ],
            [
              77.5964892,
              12.9815488
            ],
            [
              77.596428,
              12.9815079
            ],
            [
              77.596425,
              12.9814991
            ],
            [
              77.5964693,
              12.9814862
            ],
            [
              77.5964509,
              12.9814277
            ],
            [
              77.5965277,
              12.9814039
            ],
            [
              77.5965574,
              12.9814938
            ],
            [
              77.596539,
              12.9815338
            ],
            [
              77.5965277,
              12.981538
            ]
          ]
        ]
      },
      "id": "way/1310855579"
    },
    {
      "type": "Feature",
      "properties": {
        "@id": "way/1311437519",
        "building": "yes"
      },
      "geometry": {
        "type": "Polygon",
        "coordinates": [
          [
            [
              77.5979309,
              12.9809274
            ],
            [
              77.597918,
              12.9808915
            ],
            [
              77.598072,
              12.9808392
            ],
            [
              77.5980848,
              12.9808751
            ],
            [
              77.5979309,
              12.9809274
            ]
          ]
        ]
      },
      "id": "way/1311437519"
    },
    {
      "type": "Feature",
      "properties": {
        "@id": "way/1312434981",
        "building": "police",
        "building:levels": "4"
      },
      "geometry": {
        "type": "Polygon",
        "coordinates": [
          [
            [
              77.59802,
              12.9760779
            ],
            [
              77.5980984,
              12.9759674
            ],
            [
              77.5983106,
              12.9761105
            ],
            [
              77.5982323,
              12.9762209
            ],
            [
              77.59802,
              12.9760779
            ]
          ]
        ]
      },
      "id": "way/1312434981"
    },
    {
      "type": "Feature",
      "properties": {
        "@id": "way/1312434984",
        "building": "commercial",
        "building:levels": "4",
        "name": "CRN Square"
      },
      "geometry": {
        "type": "Polygon",
        "coordinates": [
          [
            [
              77.5971779,
              12.9749791
            ],
            [
              77.5972282,
              12.9748592
            ],
            [
              77.59742,
              12.9749571
            ],
            [
              77.5973472,
              12.9750931
            ],
            [
              77.5971779,
              12.9749791
            ]
          ]
        ]
      },
      "id": "way/1312434984"
    },
    {
      "type": "Feature",
      "properties": {
        "@id": "way/1312434985",
        "building": "yes"
      },
      "geometry": {
        "type": "Polygon",
        "coordinates": [
          [
            [
              77.5972196,
              12.9748219
            ],
            [
              77.5973221,
              12.9746191
            ],
            [
              77.5973991,
              12.9746561
            ],
            [
              77.5972966,
              12.9748589
            ],
            [
              77.5972196,
              12.9748219
            ]
          ]
        ]
      },
      "id": "way/1312434985"
    },
    {
      "type": "Feature",
      "properties": {
        "@id": "way/1312434986",
        "building": "yes"
      },
      "geometry": {
        "type": "Polygon",
        "coordinates": [
          [
            [
              77.5973668,
              12.9748108
            ],
            [
              77.5974165,
              12.9747038
            ],
            [
              77.5975932,
              12.9747817
            ],
            [
              77.5975434,
              12.9748887
            ],
            [
              77.5973668,
              12.9748108
            ]
          ]
        ]
      },
      "id": "way/1312434986"
    },
    {
      "type": "Feature",
      "properties": {
        "@id": "way/1317957860",
        "building": "yes"
      },
      "geometry": {
        "type": "Polygon",
        "coordinates": [
          [
            [
              77.5980663,
              12.9733725
            ],
            [
              77.5980723,
              12.9732762
            ],
            [
              77.5981608,
              12.9732814
            ],
            [
              77.5981548,
              12.9733777
            ],
            [
              77.5980663,
              12.9733725
            ]
          ]
        ]
      },
      "id": "way/1317957860"
    },
    {
      "type": "Feature",
      "properties": {
        "@id": "way/1317957862",
        "building": "yes"
      },
      "geometry": {
        "type": "Polygon",
        "coordinates": [
          [
            [
              77.5986966,
              12.972868
            ],
            [
              77.5986943,
              12.97274
            ],
            [
              77.5990001,
              12.9727348
            ],
            [
              77.5990024,
              12.9728628
            ],
            [
              77.5986966,
              12.972868
            ]
          ]
        ]
      },
      "id": "way/1317957862"
    },
    {
      "type": "Feature",
      "properties": {
        "@id": "way/1317957963",
        "addr:housenumber": "40/1A",
        "building": "commercial",
        "building:levels": "6",
        "name": "Basappa Complex"
      },
      "geometry": {
        "type": "Polygon",
        "coordinates": [
          [
            [
              77.5990063,
              12.9746214
            ],
            [
              77.5989509,
              12.9744636
            ],
            [
              77.5991628,
              12.974393
            ],
            [
              77.5992182,
              12.9745508
            ],
            [
              77.5991407,
              12.9745766
            ],
            [
              77.5990063,
              12.9746214
            ]
          ]
        ]
      },
      "id": "way/1317957963"
    },
    {
      "type": "Feature",
      "properties": {
        "@id": "way/1337308722",
        "building": "yes"
      },
      "geometry": {
        "type": "Polygon",
        "coordinates": [
          [
            [
              77.5974568,
              12.974631
            ],
            [
              77.5975715,
              12.9744187
            ],
            [
              77.5976509,
              12.9744594
            ],
            [
              77.5975363,
              12.9746718
            ],
            [
              77.5974568,
              12.974631
            ]
          ]
        ]
      },
      "id": "way/1337308722"
    },
    {
      "type": "Feature",
      "properties": {
        "@id": "way/1343714129",
        "building": "yes"
      },
      "geometry": {
        "type": "Polygon",
        "coordinates": [
          [
            [
              77.6012286,
              12.974342
            ],
            [
              77.6012083,
              12.9742148
            ],
            [
              77.6013327,
              12.9741961
            ],
            [
              77.6013529,
              12.9743233
            ],
            [
              77.6012286,
              12.974342
            ]
          ]
        ]
      },
      "id": "way/1343714129"
    },
    {
      "type": "Feature",
      "properties": {
        "@id": "way/1344542340",
        "building": "retail",
        "building:levels": "8",
        "name": "Rathnam's Complex",
        "roof:levels": "1"
      },
      "geometry": {
        "type": "Polygon",
        "coordinates": [
          [
            [
              77.5993355,
              12.9763001
            ],
            [
              77.5992519,
              12.9763065
            ],
            [
              77.5992009,
              12.9763208
            ],
            [
              77.5991517,
              12.9763429
            ],
            [
              77.5991066,
              12.9763722
            ],
            [
              77.5989793,
              12.9762939
            ],
            [
              77.5991094,
              12.9761175
            ],
            [
              77.5993518,
              12.9762746
            ],
            [
              77.5993355,
              12.9763001
            ]
          ]
        ]
      },
      "id": "way/1344542340"
    },
    {
      "type": "Feature",
      "properties": {
        "@id": "way/1344547639",
        "building": "yes"
      },
      "geometry": {
        "type": "Polygon",
        "coordinates": [
          [
            [
              77.6006614,
              12.9750858
            ],
            [
              77.6005896,
              12.9748146
            ],
            [
              77.600673,
              12.9747937
            ],
            [
              77.6007447,
              12.9750649
            ],
            [
              77.6006614,
              12.9750858
            ]
          ]
        ]
      },
      "id": "way/1344547639"
    },
    {
      "type": "Feature",
      "properties": {
        "@id": "way/1344547640",
        "building": "yes"
      },
      "geometry": {
        "type": "Polygon",
        "coordinates": [
          [
            [
              77.6000993,
              12.9753901
            ],
            [
              77.60008,
              12.9753351
            ],
            [
              77.6002156,
              12.9752899
            ],
            [
              77.6002349,
              12.9753448
            ],
            [
              77.6000993,
              12.9753901
            ]
          ]
        ]
      },
      "id": "way/1344547640"
    },
    {
      "type": "Feature",
      "properties": {
        "@id": "way/1344547641",
        "building": "yes"
      },
      "geometry": {
        "type": "Polygon",
        "coordinates": [
          [
            [
              77.5999372,
              12.9753021
            ],
            [
              77.5998341,
              12.9750227
            ],
            [
              77.5998963,
              12.9750009
            ],
            [
              77.5999994,
              12.9752803
            ],
            [
              77.5999372,
              12.9753021
            ]
          ]
        ]
      },
      "id": "way/1344547641"
    },
    {
      "type": "Feature",
      "properties": {
        "@id": "way/1350961379",
        "building": "commercial"
      },
      "geometry": {
        "type": "Polygon",
        "coordinates": [
          [
            [
              77.6011334,
              12.9816661
            ],
            [
              77.6010988,
              12.981566
            ],
            [
              77.6013463,
              12.9814848
            ],
            [
              77.6013809,
              12.9815849
            ],
            [
              77.6011334,
              12.9816661
            ]
          ]
        ]
      },
      "id": "way/1350961379"
    },
    {
      "type": "Feature",
      "properties": {
        "@id": "way/1363963961",
        "building": "yes"
      },
      "geometry": {
        "type": "Polygon",
        "coordinates": [
          [
            [
              77.6011442,
              12.9801106
            ],
            [
              77.601087,
              12.9799465
            ],
            [
              77.6014048,
              12.9798414
            ],
            [
              77.601462,
              12.9800055
            ],
            [
              77.6011442,
              12.9801106
            ]
          ]
        ]
      },
      "id": "way/1363963961"
    },
    {
      "type": "Feature",
      "properties": {
        "@id": "way/1367294281",
        "building": "construction",
        "building:levels": "20",
        "building:levels:underground": "4",
        "construction": "office",
        "height": "80.50"
      },
      "geometry": {
        "type": "Polygon",
        "coordinates": [
          [
            [
              77.6022325,
              12.9811979
            ],
            [
              77.6024111,
              12.9811455
            ],
            [
              77.602554,
              12.9816074
            ],
            [
              77.6023753,
              12.9816599
            ],
            [
              77.6022325,
              12.9811979
            ]
          ]
        ]
      },
      "id": "way/1367294281"
    },
    {
      "type": "Feature",
      "properties": {
        "@id": "way/1367294284",
        "building": "yes"
      },
      "geometry": {
        "type": "Polygon",
        "coordinates": [
          [
            [
              77.602096,
              12.9815854
            ],
            [
              77.602034,
              12.98139
            ],
            [
              77.6021587,
              12.9813525
            ],
            [
              77.6022207,
              12.9815478
            ],
            [
              77.602096,
              12.9815854
            ]
          ]
        ]
      },
      "id": "way/1367294284"
    },
    {
      "type": "Feature",
      "properties": {
        "@id": "way/1367294285",
        "building": "yes"
      },
      "geometry": {
        "type": "Polygon",
        "coordinates": [
          [
            [
              77.6036795,
              12.9815599
            ],
            [
              77.6036374,
              12.9814214
            ],
            [
              77.6037774,
              12.9813809
            ],
            [
              77.6038196,
              12.9815195
            ],
            [
              77.6036795,
              12.9815599
            ]
          ]
        ]
      },
      "id": "way/1367294285"
    },
    {
      "type": "Feature",
      "properties": {
        "@id": "way/1367294286",
        "building": "yes"
      },
      "geometry": {
        "type": "Polygon",
        "coordinates": [
          [
            [
              77.6034368,
              12.9816279
            ],
            [
              77.6034124,
              12.9815477
            ],
            [
              77.6036232,
              12.9814867
            ],
            [
              77.6036476,
              12.981567
            ],
            [
              77.6034368,
              12.9816279
            ]
          ]
        ]
      },
      "id": "way/1367294286"
    },
    {
      "type": "Feature",
      "properties": {
        "@id": "way/1367294287",
        "building": "yes"
      },
      "geometry": {
        "type": "Polygon",
        "coordinates": [
          [
            [
              77.6034049,
              12.9815469
            ],
            [
              77.6033848,
              12.9814806
            ],
            [
              77.6035048,
              12.9814459
            ],
            [
              77.603525,
              12.9815122
            ],
            [
              77.6034049,
              12.9815469
            ]
          ]
        ]
      },
      "id": "way/1367294287"
    },
    {
      "type": "Feature",
      "properties": {
        "@id": "way/1367294288",
        "building": "yes"
      },
      "geometry": {
        "type": "Polygon",
        "coordinates": [
          [
            [
              77.6026013,
              12.9813113
            ],
            [
              77.602572,
              12.9812196
            ],
            [
              77.6027243,
              12.9811734
            ],
            [
              77.6027536,
              12.9812652
            ],
            [
              77.6026013,
              12.9813113
            ]
          ]
        ]
      },
      "id": "way/1367294288"
    },
    {
      "type": "Feature",
      "properties": {
        "@id": "way/1367294289",
        "building": "yes"
      },
      "geometry": {
        "type": "Polygon",
        "coordinates": [
          [
            [
              77.6025158,
              12.9810133
            ],
            [
              77.6024971,
              12.9809547
            ],
            [
              77.6026529,
              12.9809075
            ],
            [
              77.6026716,
              12.9809661
            ],
            [
              77.6025158,
              12.9810133
            ]
          ]
        ]
      },
      "id": "way/1367294289"
    },
    {
      "type": "Feature",
      "properties": {
        "@id": "way/1368422458",
        "building": "yes"
      },
      "geometry": {
        "type": "Polygon",
        "coordinates": [
          [
            [
              77.5951917,
              12.9764332
            ],
            [
              77.5952299,
              12.9763365
            ],
            [
              77.5952961,
              12.9763613
            ],
            [
              77.5952579,
              12.976458
            ],
            [
              77.5951917,
              12.9764332
            ]
          ]
        ]
      },
      "id": "way/1368422458"
    },
    {
      "type": "Feature",
      "properties": {
        "@id": "way/1368422459",
        "building": "yes"
      },
      "geometry": {
        "type": "Polygon",
        "coordinates": [
          [
            [
              77.5953747,
              12.9756099
            ],
            [
              77.5954419,
              12.9755917
            ],
            [
              77.5954835,
              12.9757374
            ],
            [
              77.5954163,
              12.9757556
            ],
            [
              77.5953747,
              12.9756099
            ]
          ]
        ]
      },
      "id": "way/1368422459"
    },
    {
      "type": "Feature",
      "properties": {
        "@id": "way/1368422464",
        "building": "yes"
      },
      "geometry": {
        "type": "Polygon",
        "coordinates": [
          [
            [
              77.5943267,
              12.9745657
            ],
            [
              77.5945819,
              12.9744618
            ],
            [
              77.5946163,
              12.9745422
            ],
            [
              77.5943611,
              12.974646
            ],
            [
              77.5943267,
              12.9745657
            ]
          ]
        ]
      },
      "id": "way/1368422464"
    },
    {
      "type": "Feature",
      "properties": {
        "@id": "way/1384492967",
        "building": "commercial",
        "building:levels": "2"
      },
      "geometry": {
        "type": "Polygon",
        "coordinates": [
          [
            [
              77.6021922,
              12.9760496
            ],
            [
              77.6023049,
              12.9760329
            ],
            [
              77.6023099,
              12.9762244
            ],
            [
              77.6022465,
              12.976227
            ],
            [
              77.6021922,
              12.9760496
            ]
          ]
        ]
      },
      "id": "way/1384492967"
    },
    {
      "type": "Feature",
      "properties": {
        "@id": "way/1384663853",
        "building": "commercial",
        "building:levels": "2"
      },
      "geometry": {
        "type": "Polygon",
        "coordinates": [
          [
            [
              77.6021027,
              12.9758774
            ],
            [
              77.6020729,
              12.9757666
            ],
            [
              77.6021202,
              12.9757545
            ],
            [
              77.60215,
              12.9758653
            ],
            [
              77.6021027,
              12.9758774
            ]
          ]
        ]
      },
      "id": "way/1384663853"
    },
    {
      "type": "Feature",
      "properties": {
        "@id": "way/1392521079",
        "building": "yes"
      },
      "geometry": {
        "type": "Polygon",
        "coordinates": [
          [
            [
              77.6002718,
              12.9779557
            ],
            [
              77.6002548,
              12.9778637
            ],
            [
              77.6004191,
              12.9778349
            ],
            [
              77.6004361,
              12.9779269
            ],
            [
              77.6002718,
              12.9779557
            ]
          ]
        ]
      },
      "id": "way/1392521079"
    },
    {
      "type": "Feature",
      "properties": {
        "@id": "way/1392521080",
        "building": "yes"
      },
      "geometry": {
        "type": "Polygon",
        "coordinates": [
          [
            [
              77.5999876,
              12.9798605
            ],
            [
              77.5999542,
              12.9797768
            ],
            [
              77.600164,
              12.9796974
            ],
            [
              77.6001973,
              12.9797811
            ],
            [
              77.5999876,
              12.9798605
            ]
          ]
        ]
      },
      "id": "way/1392521080"
    },
    {
      "type": "Feature",
      "properties": {
        "@id": "way/1392521081",
        "building": "yes"
      },
      "geometry": {
        "type": "Polygon",
        "coordinates": [
          [
            [
              77.5990574,
              12.9800897
            ],
            [
              77.5990038,
              12.9799218
            ],
            [
              77.5990915,
              12.9798952
            ],
            [
              77.5991451,
              12.9800631
            ],
            [
              77.5990574,
              12.9800897
            ]
          ]
        ]
      },
      "id": "way/1392521081"
    },
    {
      "type": "Feature",
      "properties": {
        "@id": "way/1392521083",
        "building": "yes"
      },
      "geometry": {
        "type": "Polygon",
        "coordinates": [
          [
            [
              77.6017182,
              12.9787881
            ],
            [
              77.6017096,
              12.9787178
            ],
            [
              77.6020521,
              12.9786784
            ],
            [
              77.6020606,
              12.9787487
            ],
            [
              77.6017182,
              12.9787881
            ]
          ]
        ]
      },
      "id": "way/1392521083"
    },
    {
      "type": "Feature",
      "properties": {
        "@id": "way/1392521084",
        "building": "yes"
      },
      "geometry": {
        "type": "Polygon",
        "coordinates": [
          [
            [
              77.6015814,
              12.9780315
            ],
            [
              77.6015681,
              12.9779223
            ],
            [
              77.601698,
              12.9779073
            ],
            [
              77.6017113,
              12.9780165
            ],
            [
              77.6015814,
              12.9780315
            ]
          ]
        ]
      },
      "id": "way/1392521084"
    },
    {
      "type": "Feature",
      "properties": {
        "@id": "way/1392521085",
        "building": "yes"
      },
      "geometry": {
        "type": "Polygon",
        "coordinates": [
          [
            [
              77.6007464,
              12.9784305
            ],
            [
              77.6006938,
              12.9781574
            ],
            [
              77.6008601,
              12.978127
            ],
            [
              77.6009127,
              12.9784
            ],
            [
              77.6007464,
              12.9784305
            ]
          ]
        ]
      },
      "id": "way/1392521085"
    },
    {
      "type": "Feature",
      "properties": {
        "@id": "way/1392521086",
        "building": "yes"
      },
      "geometry": {
        "type": "Polygon",
        "coordinates": [
          [
            [
              77.6008947,
              12.9785882
            ],
            [
              77.6011468,
              12.9779204
            ],
            [
              77.6012005,
              12.9779396
            ],
            [
              77.6009484,
              12.9786074
            ],
            [
              77.6008947,
              12.9785882
            ]
          ]
        ]
      },
      "id": "way/1392521086"
    },
    {
      "type": "Feature",
      "properties": {
        "@id": "way/1392521087",
        "building": "yes"
      },
      "geometry": {
        "type": "Polygon",
        "coordinates": [
          [
            [
              77.6011864,
              12.9778446
            ],
            [
              77.6010946,
              12.9778333
            ],
            [
              77.6011228,
              12.9776151
            ],
            [
              77.6012146,
              12.9776263
            ],
            [
              77.6011864,
              12.9778446
            ]
          ]
        ]
      },
      "id": "way/1392521087"
    },
    {
      "type": "Feature",
      "properties": {
        "@id": "way/1392521088",
        "building": "yes"
      },
      "geometry": {
        "type": "Polygon",
        "coordinates": [
          [
            [
              77.6010831,
              12.9773878
            ],
            [
              77.6013084,
              12.9773558
            ],
            [
              77.6013238,
              12.9774587
            ],
            [
              77.6010985,
              12.9774907
            ],
            [
              77.6010831,
              12.9773878
            ]
          ]
        ]
      },
      "id": "way/1392521088"
    },
    {
      "type": "Feature",
      "properties": {
        "@id": "way/1392521089",
        "building": "yes"
      },
      "geometry": {
        "type": "Polygon",
        "coordinates": [
          [
            [
              77.6012065,
              12.977331
            ],
            [
              77.6012048,
              12.9772457
            ],
            [
              77.6013375,
              12.9772431
            ],
            [
              77.6013393,
              12.9773284
            ],
            [
              77.6012065,
              12.977331
            ]
          ]
        ]
      },
      "id": "way/1392521089"
    },
    {
      "type": "Feature",
      "properties": {
        "@id": "way/1427541061",
        "building": "commercial"
      },
      "geometry": {
        "type": "Polygon",
        "coordinates": [
          [
            [
              77.6023408,
              12.9757984
            ],
            [
              77.602341,
              12.9757481
            ],
            [
              77.6024235,
              12.9757484
            ],
            [
              77.6024232,
              12.9757987
            ],
            [
              77.6023408,
              12.9757984
            ]
          ]
        ]
      },
      "id": "way/1427541061"
    },
    {
      "type": "Feature",
      "properties": {
        "@id": "way/1463385878",
        "building": "yes"
      },
      "geometry": {
        "type": "Polygon",
        "coordinates": [
          [
            [
              77.5999499,
              12.9757517
            ],
            [
              77.5999234,
              12.9757928
            ],
            [
              77.5999408,
              12.9758034
            ],
            [
              77.5998852,
              12.9758897
            ],
            [
              77.5999244,
              12.9759137
            ],
            [
              77.5998854,
              12.9759742
            ],
            [
              77.5997825,
              12.9759112
            ],
            [
              77.5999036,
              12.9757233
            ],
            [
              77.5999499,
              12.9757517
            ]
          ]
        ]
      },
      "id": "way/1463385878"
    },
    {
      "type": "Feature",
      "properties": {
        "@id": "way/1466669624",
        "building": "yes"
      },
      "geometry": {
        "type": "Polygon",
        "coordinates": [
          [
            [
              77.5980683,
              12.9804099
            ],
            [
              77.5980561,
              12.9803767
            ],
            [
              77.5981262,
              12.9803522
            ],
            [
              77.5981384,
              12.9803854
            ],
            [
              77.5980683,
              12.9804099
            ]
          ]
        ]
      },
      "id": "way/1466669624"
    },
    {
      "type": "Feature",
      "properties": {
        "@id": "way/1466669632",
        "building": "kiosk"
      },
      "geometry": {
        "type": "Polygon",
        "coordinates": [
          [
            [
              77.6022517,
              12.9791823
            ],
            [
              77.6022434,
              12.9791809
            ],
            [
              77.6022386,
              12.9791742
            ],
            [
              77.60224,
              12.9791662
            ],
            [
              77.6022469,
              12.9791615
            ],
            [
              77.6022551,
              12.9791628
            ],
            [
              77.60226,
              12.9791695
            ],
            [
              77.6022586,
              12.9791776
            ],
            [
              77.6022517,
              12.9791823
            ]
          ]
        ]
      },
      "id": "way/1466669632"
    },
    {
      "type": "Feature",
      "properties": {
        "@id": "way/1504026524",
        "building": "house"
      },
      "geometry": {
        "type": "Polygon",
        "coordinates": [
          [
            [
              77.5966149,
              12.9738427
            ],
            [
              77.5967785,
              12.9739403
            ],
            [
              77.5967329,
              12.9740129
            ],
            [
              77.5965693,
              12.9739153
            ],
            [
              77.5966149,
              12.9738427
            ]
          ]
        ]
      },
      "id": "way/1504026524"
    },
    {
      "type": "Feature",
      "properties": {
        "@id": "way/1512666762",
        "building": "yes",
        "building:min_level": "33"
      },
      "geometry": {
        "type": "Polygon",
        "coordinates": [
          [
            [
              77.5967346,
              12.9729556
            ],
            [
              77.5967777,
              12.9729393
            ],
            [
              77.596742,
              12.9728498
            ],
            [
              77.5968768,
              12.9727988
            ],
            [
              77.5969095,
              12.9727747
            ],
            [
              77.5969472,
              12.9727589
            ],
            [
              77.5969782,
              12.972753
            ],
            [
              77.5970097,
              12.9727526
            ],
            [
              77.5971459,
              12.9727
            ],
            [
              77.5971799,
              12.9727836
            ],
            [
              77.59721,
              12.972772
            ],
            [
              77.5972488,
              12.9728674
            ],
            [
              77.5972168,
              12.9728797
            ],
            [
              77.5972527,
              12.972968
            ],
            [
              77.5971294,
              12.9730157
            ],
            [
              77.5971416,
              12.9730458
            ],
            [
              77.5971312,
              12.9730692
            ],
            [
              77.5971154,
              12.9730895
            ],
            [
              77.597095,
              12.9731056
            ],
            [
              77.5970712,
              12.9731164
            ],
            [
              77.5970469,
              12.9731212
            ],
            [
              77.597022,
              12.9731205
            ],
            [
              77.596998,
              12.9731142
            ],
            [
              77.5969761,
              12.9731029
            ],
            [
              77.5969657,
              12.9730761
            ],
            [
              77.5968421,
              12.9731214
            ],
            [
              77.5968095,
              12.9730371
            ],
            [
              77.5967715,
              12.973051
            ],
            [
              77.5967346,
              12.9729556
            ]
          ]
        ]
      },
      "id": "way/1512666762"
    },
    {
      "type": "Feature",
      "properties": {
        "@id": "way/1512666767",
        "building": "yes"
      },
      "geometry": {
        "type": "Polygon",
        "coordinates": [
          [
            [
              77.597053,
              12.9732755
            ],
            [
              77.5968253,
              12.9733608
            ],
            [
              77.5966292,
              12.9728639
            ],
            [
              77.5968574,
              12.9727784
            ],
            [
              77.5968409,
              12.9727368
            ],
            [
              77.5968037,
              12.9726425
            ],
            [
              77.5968247,
              12.9726346
            ],
            [
              77.5969388,
              12.9725919
            ],
            [
              77.5969586,
              12.9725845
            ],
            [
              77.5969964,
              12.9726804
            ],
            [
              77.5970122,
              12.9727204
            ],
            [
              77.5972456,
              12.9726367
            ],
            [
              77.5974347,
              12.9731307
            ],
            [
              77.5972068,
              12.9732188
            ],
            [
              77.5972482,
              12.9733249
            ],
            [
              77.5972622,
              12.9733607
            ],
            [
              77.5971086,
              12.9734177
            ],
            [
              77.5970932,
              12.9733782
            ],
            [
              77.597053,
              12.9732755
            ]
          ]
        ]
      },
      "id": "way/1512666767"
    }
  ]
}